delete from comments cascade;
delete from posts cascade;
delete from users_roles cascade;
delete from users cascade;
delete from roles cascade;
delete from categories cascade;


insert into categories (id, name, description) values (1, 'Yadel', 'Blister (nonthermal), unspecified hip, initial encounter');
insert into categories (id, name, description) values (2, 'Skilith', 'Villonodular synovitis (pigmented), right knee');
insert into categories (id, name, description) values (3, 'Centidel', 'Fracture of subcondylar process of mandible, unspecified side, initial encounter for open fracture');
insert into categories (id, name, description) values (4, 'Jaloo', 'Corrosion of unspecified degree of right foot, initial encounter');
insert into categories (id, name, description) values (5, 'Feedfire', 'Underdosing of unspecified psychostimulants, initial encounter');
insert into categories (id, name, description) values (6, 'Twinder', 'Unspecified nonsuppurative otitis media');
insert into categories (id, name, description) values (7, 'Kazio', 'Encounter for prophylactic removal of ovary');
insert into categories (id, name, description) values (8, 'Trudoo', 'Other physeal fracture of left calcaneus, subsequent encounter for fracture with routine healing');
insert into categories (id, name, description) values (9, 'Jamia', 'Corrosion of second degree of multiple right fingers (nail), including thumb, initial encounter');
insert into categories (id, name, description) values (10, 'Gabcube', 'Retinal micro-aneurysms, unspecified');
insert into categories (id, name, description) values (11, 'Realbuzz', 'Bent bone of right ulna, subsequent encounter for open fracture type I or II with routine healing');
insert into categories (id, name, description) values (12, 'Babbleopia', 'Other injury of other flexor muscle, fascia and tendon at forearm level, right arm, subsequent encounter');
insert into categories (id, name, description) values (13, 'Katz', 'Other symptoms and signs involving emotional state');
insert into categories (id, name, description) values (14, 'Livefish', 'Discitis, unspecified, lumbar region');
insert into categories (id, name, description) values (15, 'Wikizz', 'Unspecified injury of vein at forearm level');
insert into categories (id, name, description) values (16, 'Talane', 'Underdosing of tetracyclines, sequela');
insert into categories (id, name, description) values (17, 'Zoonoodle', 'Unspecified injury of muscle and tendon of front wall of thorax, sequela');
insert into categories (id, name, description) values (18, 'Edgeclub', 'Traumatic rupture of right ulnocarpal (palmar) ligament');
insert into categories (id, name, description) values (19, 'Realfire', 'Ischiocapsular ligament sprain of right hip');
insert into categories (id, name, description) values (20, 'Skyble', 'Legal intervention involving injury by tear gas, bystander injured, initial encounter');
insert into categories (id, name, description) values (21, 'Quire', 'Traumatic hemorrhage of left cerebrum with loss of consciousness greater than 24 hours without return to pre-existing conscious level with patient surviving, subsequent encounter');
insert into categories (id, name, description) values (22, 'Topicware', 'Displaced fracture of medial cuneiform of left foot, subsequent encounter for fracture with routine healing');
insert into categories (id, name, description) values (23, 'Gabtype', 'Other bursal cyst, right hip');
insert into categories (id, name, description) values (24, 'Minyx', 'Unspecified fracture of the lower end of left radius, subsequent encounter for open fracture type IIIA, IIIB, or IIIC with routine healing');
insert into categories (id, name, description) values (25, 'Dabfeed', 'Nondisplaced subtrochanteric fracture of unspecified femur, subsequent encounter for open fracture type IIIA, IIIB, or IIIC with nonunion');
insert into categories (id, name, description) values (26, 'Skipstorm', 'Personal history of other malignant neoplasm of skin');
insert into categories (id, name, description) values (27, 'Brainverse', 'Crushing injury of unspecified lesser toe(s), subsequent encounter');
insert into categories (id, name, description) values (28, 'Bubblebox', 'Unspecified open wound of left great toe without damage to nail, sequela');
insert into categories (id, name, description) values (29, 'Leenti', 'Cicatricial alopecia, unspecified');
insert into categories (id, name, description) values (30, 'Ozu', 'Poisoning by, adverse effect of and underdosing of antiasthmatics, not elsewhere classified');
insert into categories (id, name, description) values (31, 'Yoveo', 'Pain in unspecified hand');
insert into categories (id, name, description) values (32, 'Twitterbridge', 'Other specified disorders of bone, hand');
insert into categories (id, name, description) values (33, 'Rhyzio', 'Other secondary cataract');
insert into categories (id, name, description) values (34, 'Brainbox', 'Urethral stricture due to childbirth');
insert into categories (id, name, description) values (35, 'Chatterbridge', 'Galeazzi''s fracture of right radius, sequela');
insert into categories (id, name, description) values (36, 'Linkbridge', 'Displaced oblique fracture of shaft of right tibia, subsequent encounter for closed fracture with nonunion');
insert into categories (id, name, description) values (37, 'Flipopia', 'Toxic effect of halogenated insecticides, accidental (unintentional)');
insert into categories (id, name, description) values (38, 'Dabfeed', 'Salter-Harris Type II physeal fracture of upper end of unspecified tibia, subsequent encounter for fracture with nonunion');
insert into categories (id, name, description) values (39, 'Layo', 'Unspecified injury of muscle, fascia and tendon of left hip, initial encounter');
insert into categories (id, name, description) values (40, 'Photolist', 'Encounter for antineoplastic radiation therapy');
insert into categories (id, name, description) values (41, 'Yakidoo', 'Salter-Harris Type I physeal fracture of lower end of humerus, unspecified arm, subsequent encounter for fracture with nonunion');
insert into categories (id, name, description) values (42, 'Skinix', 'Personal history of monoclonal drug therapy');
insert into categories (id, name, description) values (43, 'Midel', 'Laceration of other urinary and pelvic organ');
insert into categories (id, name, description) values (44, 'Topicshots', 'Tear of articular cartilage of left knee, current, subsequent encounter');
insert into categories (id, name, description) values (45, 'Yodo', 'Other physeal fracture of lower end of humerus, left arm, sequela');
insert into categories (id, name, description) values (46, 'Shuffletag', 'Cataract with neovascularization, bilateral');
insert into categories (id, name, description) values (47, 'Rhybox', 'Displaced fracture of proximal third of navicular [scaphoid] bone of left wrist, sequela');
insert into categories (id, name, description) values (48, 'Vidoo', 'Primary osteoarthritis, unspecified ankle and foot');
insert into categories (id, name, description) values (49, 'Yata', 'Displaced longitudinal fracture of unspecified patella, subsequent encounter for open fracture type I or II with routine healing');
insert into categories (id, name, description) values (50, 'Skidoo', 'Unspecified sprain of unspecified hip');
insert into categories (id, name, description) values (51, 'Wordtune', 'Nondisplaced segmental fracture of shaft of unspecified fibula, initial encounter for open fracture type I or II');
insert into categories (id, name, description) values (52, 'Shufflester', 'Displaced unspecified condyle fracture of lower end of right femur, subsequent encounter for closed fracture with nonunion');
insert into categories (id, name, description) values (53, 'Buzzshare', 'Unspecified open wound of left back wall of thorax without penetration into thoracic cavity, sequela');
insert into categories (id, name, description) values (54, 'Flipstorm', 'Unspecified fracture of navicular [scaphoid] bone of unspecified wrist, initial encounter for closed fracture');
insert into categories (id, name, description) values (55, 'Tazzy', 'Age-related osteoporosis with current pathological fracture, left humerus');
insert into categories (id, name, description) values (56, 'Voomm', 'Laceration of pleura, subsequent encounter');
insert into categories (id, name, description) values (57, 'Meevee', 'Partial traumatic amputation at right hip joint, subsequent encounter');
insert into categories (id, name, description) values (58, 'Tagfeed', 'Cellulitis of left finger');
insert into categories (id, name, description) values (59, 'Livetube', 'Traumatic rupture of palmar ligament of left little finger at metacarpophalangeal and interphalangeal joint');
insert into categories (id, name, description) values (60, 'Skimia', 'Contact with other nonvenomous amphibians, subsequent encounter');
insert into categories (id, name, description) values (61, 'Thoughtstorm', 'Complete traumatic amputation of one right lesser toe, sequela');
insert into categories (id, name, description) values (62, 'Meejo', 'Other dissociative and conversion disorders');
insert into categories (id, name, description) values (63, 'Yombu', 'Allergy to peanuts');
insert into categories (id, name, description) values (64, 'Youopia', 'Anterior dislocation of left humerus, initial encounter');
insert into categories (id, name, description) values (65, 'Skilith', 'Unspecified superficial injuries of right front wall of thorax');
insert into categories (id, name, description) values (66, 'Yamia', 'Essential fructosuria');
insert into categories (id, name, description) values (67, 'Rhybox', 'Nondisplaced fracture of distal pole of navicular [scaphoid] bone of right wrist, initial encounter for open fracture');
insert into categories (id, name, description) values (68, 'Demivee', 'Injury to rider of (inflatable) recreational watercraft being pulled behind other watercraft, sequela');
insert into categories (id, name, description) values (69, 'Quatz', 'Person on outside of car injured in collision with railway train or railway vehicle in traffic accident');
insert into categories (id, name, description) values (70, 'Rhynyx', 'Driver of pick-up truck or van injured in collision with unspecified motor vehicles in traffic accident, subsequent encounter');
insert into categories (id, name, description) values (71, 'Twitterlist', 'Nondisplaced osteochondral fracture of right patella, subsequent encounter for closed fracture with delayed healing');
insert into categories (id, name, description) values (72, 'Browsetype', 'Contusion of unspecified little finger with damage to nail, subsequent encounter');
insert into categories (id, name, description) values (73, 'Tagopia', 'Blister (nonthermal), unspecified great toe, sequela');
insert into categories (id, name, description) values (74, 'Janyx', 'Toxic effect of arsenic and its compounds, accidental (unintentional)');
insert into categories (id, name, description) values (75, 'Topicware', 'Injury of other cranial nerves, unspecified side, sequela');
insert into categories (id, name, description) values (76, 'Layo', 'Corrosion of unspecified degree of left scapular region, subsequent encounter');
insert into categories (id, name, description) values (77, 'Trudoo', 'Fall into other water striking wall causing other injury, initial encounter');
insert into categories (id, name, description) values (78, 'Wikizz', 'Sepsis of newborn due to Escherichia coli');
insert into categories (id, name, description) values (79, 'Jatri', 'Unspecified injury of blood vessel of left little finger, initial encounter');
insert into categories (id, name, description) values (80, 'Jabberbean', 'Corrosions involving 70-79% of body surface with 60-69% third degree corrosion');
insert into categories (id, name, description) values (81, 'Mita', 'Primary cyst of pars plana, right eye');
insert into categories (id, name, description) values (82, 'Tazzy', 'Poisoning by antipruritics, undetermined');
insert into categories (id, name, description) values (83, 'Einti', 'Nondisplaced fracture of distal phalanx of right middle finger, initial encounter for open fracture');
insert into categories (id, name, description) values (84, 'Meeveo', 'Zygomatic fracture, left side, initial encounter for closed fracture');
insert into categories (id, name, description) values (85, 'Dynazzy', 'Gonorrhea complicating pregnancy, second trimester');
insert into categories (id, name, description) values (86, 'Gigaclub', 'Stable burst fracture of first thoracic vertebra, initial encounter for open fracture');
insert into categories (id, name, description) values (87, 'Lajo', 'Polyp of left middle ear');
insert into categories (id, name, description) values (88, 'Geba', 'Unspecified fracture of shaft of unspecified radius, subsequent encounter for open fracture type IIIA, IIIB, or IIIC with malunion');
insert into categories (id, name, description) values (89, 'Ailane', 'Toxic effect of ingested mushrooms, accidental (unintentional)');
insert into categories (id, name, description) values (90, 'Gigashots', 'Other mechanical complication of graft of urinary organ');
insert into categories (id, name, description) values (91, 'Gigaclub', 'Unspecified open wound of unspecified wrist, initial encounter');
insert into categories (id, name, description) values (92, 'Muxo', 'Puncture wound of abdominal wall with foreign body, periumbilic region without penetration into peritoneal cavity, initial encounter');
insert into categories (id, name, description) values (93, 'Centizu', 'External constriction, right ankle, sequela');
insert into categories (id, name, description) values (94, 'Jaxnation', 'Car passenger injured in collision with pick-up in nontraffic accident, sequela');
insert into categories (id, name, description) values (95, 'Kamba', 'Burn of unspecified degree of right lower leg, initial encounter');
insert into categories (id, name, description) values (96, 'Innojam', 'Fall into other water striking water surface causing drowning and submersion, subsequent encounter');
insert into categories (id, name, description) values (97, 'Skyndu', 'Pathological fracture, unspecified tibia and fibula, sequela');
insert into categories (id, name, description) values (98, 'Kayveo', 'Unspecified open wound of unspecified external genital organs, female');
insert into categories (id, name, description) values (99, 'Fliptune', 'Nondisplaced fracture of distal phalanx of unspecified great toe, initial encounter for open fracture');
insert into categories (id, name, description) values (100, 'Zoomzone', 'Other mechanical complication of internal fixation device of bone of right lower leg, subsequent encounter');
insert into posts (id, title, description, content, category_id) values (1, 'Computer Systems Analyst I', 'Drug-induced chronic gout, knee', 'Insertion of Cardiac Resynchronization Pacemaker Pulse Generator into Abdomen Subcutaneous Tissue and Fascia, Open Approach', 36);
insert into posts (id, title, description, content, category_id) values (2, 'Civil Engineer', 'Traum subrac hem w LOC w death d/t brain inj bf consc, sqla', 'Revision of Autologous Tissue Substitute in Upper Intestinal Tract, External Approach', 13);
insert into posts (id, title, description, content, category_id) values (3, 'Internal Auditor', 'Displ transverse fx shaft of r tibia, 7thM', 'Supplement Left Parietal Bone with Autologous Tissue Substitute, Percutaneous Endoscopic Approach', 69);
insert into posts (id, title, description, content, category_id) values (4, 'Research Nurse', 'Other atherosclerosis of native arteries of extremities', 'Dilation of Left Vertebral Vein, Percutaneous Approach', 53);
insert into posts (id, title, description, content, category_id) values (5, 'Social Worker', 'Displ oblique fx shaft of r tibia, 7thG', 'Revision of External Fixation Device in Right Wrist Joint, Open Approach', 38);
insert into posts (id, title, description, content, category_id) values (6, 'Tax Accountant', 'Sltr-haris Type IV physeal fx upper end of unsp tibia, init', 'Reposition Left Metacarpophalangeal Joint with External Fixation Device, Open Approach', 96);
insert into posts (id, title, description, content, category_id) values (7, 'Clinical Specialist', 'Acquired deformity of pinna', 'Release Esophageal Vein, Percutaneous Approach', 60);
insert into posts (id, title, description, content, category_id) values (8, 'Chief Design Engineer', 'Food in respiratory tract, part unsp causing asphyxiation', 'Drainage of Left Acromioclavicular Joint with Drainage Device, Percutaneous Endoscopic Approach', 1);
insert into posts (id, title, description, content, category_id) values (9, 'Product Engineer', 'Disp fx of unsp tibial spine, init for opn fx type I/2', 'Drainage of Facial Nerve, Percutaneous Approach', 64);
insert into posts (id, title, description, content, category_id) values (10, 'Engineer IV', 'Disord of amnio fluid and membrns, unsp, first tri, fetus 1', 'Bypass Right Femoral Artery to Right Femoral Artery with Synthetic Substitute, Percutaneous Endoscopic Approach', 84);
insert into posts (id, title, description, content, category_id) values (11, 'Director of Sales', 'Melanoma in situ of anal skin', 'Supplement Right Wrist Joint with Nonautologous Tissue Substitute, Open Approach', 96);
insert into posts (id, title, description, content, category_id) values (12, 'Registered Nurse', 'Acute frontal sinusitis', 'Drainage of Right Orbit with Drainage Device, Percutaneous Approach', 52);
insert into posts (id, title, description, content, category_id) values (13, 'Administrative Officer', 'Posterior subluxation of left sternoclavicular joint, init', 'Removal of Internal Fixation Device from Right Shoulder Joint, Open Approach', 100);
insert into posts (id, title, description, content, category_id) values (14, 'Nurse Practicioner', 'Oth fx shaft of r ulna, 7thR', 'Transfusion of Autologous Serum Albumin into Central Artery, Percutaneous Approach', 88);
insert into posts (id, title, description, content, category_id) values (15, 'Tax Accountant II', 'Burn of third degree of left toe(s) (nail), subs encntr', 'Extirpation of Matter from Coronary Artery, Four or More Arteries using Orbital Atherectomy Technology, Percutaneous Approach, New Technology Group 1', 22);
insert into posts (id, title, description, content, category_id) values (16, 'Senior Sales Associate', 'Displ oblique fx shaft of unsp tibia, 7thH', 'Revision of Spacer in Thoracolumbar Vertebral Joint, Open Approach', 92);
insert into posts (id, title, description, content, category_id) values (17, 'Legal Assistant', 'Nondisp spiral fx shaft of ulna, l arm, 7thK', 'Alteration of Upper Back, Percutaneous Endoscopic Approach', 28);
insert into posts (id, title, description, content, category_id) values (18, 'Geologist III', 'Disp fx of med cuneiform of r foot, subs for fx w delay heal', 'Excision of Left Palatine Bone, Percutaneous Endoscopic Approach, Diagnostic', 85);
insert into posts (id, title, description, content, category_id) values (19, 'Financial Advisor', 'Car driver injured in collision w pedal cycle in traf, subs', 'Release Hymen, Via Natural or Artificial Opening Endoscopic', 32);
insert into posts (id, title, description, content, category_id) values (20, 'Web Developer III', 'Prsn brd/alit mtrcy injured in collision w nonmtr vehicle', 'Bypass Right External Iliac Artery to Left Internal Iliac Artery with Nonautologous Tissue Substitute, Open Approach', 29);
insert into posts (id, title, description, content, category_id) values (21, 'Research Associate', 'Burn of unspecified degree of left palm, initial encounter', 'Drainage of Perineum Tendon, Percutaneous Endoscopic Approach, Diagnostic', 64);
insert into posts (id, title, description, content, category_id) values (22, 'Librarian', 'Unsp physl fx lower end unsp femur, subs for fx w routn heal', 'Replacement of Hair with Synthetic Substitute, External Approach', 14);
insert into posts (id, title, description, content, category_id) values (23, 'Research Associate I', 'Oth specific joint derangements of right ankle, NEC', 'Drainage of Left Temporomandibular Joint, Open Approach', 83);
insert into posts (id, title, description, content, category_id) values (24, 'Programmer I', 'Occ of anml-drn veh inj by fall fr veh in nonclsn acc, init', 'Drainage of Left Radius, Open Approach, Diagnostic', 46);
insert into posts (id, title, description, content, category_id) values (25, 'Geological Engineer V', 'Adverse effect of iminostilbenes, sequela', 'Removal of Drainage Device from Sacrococcygeal Joint, Percutaneous Endoscopic Approach', 85);
insert into posts (id, title, description, content, category_id) values (26, 'Occupational Therapist', 'Burn of unspecified degree of left wrist, sequela', 'Removal of Autologous Tissue Substitute from Upper Intestinal Tract, Percutaneous Endoscopic Approach', 81);
insert into posts (id, title, description, content, category_id) values (27, 'Financial Advisor I', 'Disp fx of neck of fourth MC bone, left hand, sequela', 'Beam Radiation of Neck Lymphatics using Neutrons', 66);
insert into posts (id, title, description, content, category_id) values (28, 'Senior Financial Analyst', 'Corrosion of first degree of left wrist, initial encounter', 'Revision of Monitoring Device in Tracheobronchial Tree, Open Approach', 62);
insert into posts (id, title, description, content, category_id) values (29, 'Paralegal I', 'Renal osteodystrophy', 'Restriction of Thoracic Aorta, Descending with Branched or Fenestrated Intraluminal Device, One or Two Arteries, Open Approach', 73);
insert into posts (id, title, description, content, category_id) values (30, 'Registered Nurse I', 'Infective myositis, left toe(s)', 'Reattachment of Left Hepatic Duct, Open Approach', 45);
insert into posts (id, title, description, content, category_id) values (31, 'Programmer Analyst III', 'Poisoning by unspecified anesthetic, intentional self-harm', 'Dilation of Right External Iliac Artery with Two Intraluminal Devices, Percutaneous Approach', 58);
insert into posts (id, title, description, content, category_id) values (32, 'Quality Control Specialist', 'Nondisp commnt fx shaft of ulna, unsp arm, 7thF', 'Insertion of Infusion Device into Right Metacarpocarpal Joint, Percutaneous Approach', 23);
insert into posts (id, title, description, content, category_id) values (33, 'Operator', 'Benign neoplasm of parotid gland', 'Removal of Autologous Tissue Substitute from Left Thumb Phalanx, Percutaneous Endoscopic Approach', 57);
insert into posts (id, title, description, content, category_id) values (34, 'Programmer Analyst II', 'Person outside car injured in clsn w pedl cyc in traf, init', 'Revision of Autologous Tissue Substitute in Left Humeral Head, Open Approach', 36);
insert into posts (id, title, description, content, category_id) values (35, 'Clinical Specialist I', 'Crushing injury of left ankle', 'Inspection of Left Pleural Cavity, Percutaneous Approach', 63);
insert into posts (id, title, description, content, category_id) values (36, 'Project Manager', 'Pasngr in pk-up/van inj in clsn w 2/3-whl mv in traf, subs', 'Revision of Radioactive Element in Genitourinary Tract, Percutaneous Approach', 77);
insert into posts (id, title, description, content, category_id) values (37, 'Engineer II', 'Corrosion of unsp degree of unspecified elbow, subs encntr', 'Physical Rehabilitation and Diagnostic Audiology, Rehabilitation, Speech Treatment', 25);
insert into posts (id, title, description, content, category_id) values (38, 'Quality Control Specialist I', 'Puncture wound with foreign body of unspecified elbow', 'Bypass Esophagus to Cutaneous, Via Natural or Artificial Opening Endoscopic', 6);
insert into posts (id, title, description, content, category_id) values (39, 'Editor', 'Encounter for exam of blood pressure w/o abnormal findings', 'Bypass Left Hepatic Duct to Duodenum with Intraluminal Device, Open Approach', 79);
insert into posts (id, title, description, content, category_id) values (40, 'Accountant III', 'Abuse of vitamins', 'Drainage of Left Glenoid Cavity, Open Approach', 65);
insert into posts (id, title, description, content, category_id) values (41, 'Environmental Tech', 'Corrosion of 3rd deg mu sites of right wrist and hand, init', 'Removal of Intraluminal Device from Larynx, External Approach', 43);
insert into posts (id, title, description, content, category_id) values (42, 'Systems Administrator II', 'Encounter for adequacy testing for peritoneal dialysis', 'Supplement Pelvis Lymphatic with Synthetic Substitute, Percutaneous Endoscopic Approach', 10);
insert into posts (id, title, description, content, category_id) values (43, 'General Manager', 'Blindness, left eye, normal vision right eye', 'Bypass Cystic Duct to Right Hepatic Duct, Open Approach', 15);
insert into posts (id, title, description, content, category_id) values (44, 'Human Resources Manager', 'Open angle with borderline findings, high risk, right eye', 'Bypass Left Ureter to Ileum with Autologous Tissue Substitute, Open Approach', 90);
insert into posts (id, title, description, content, category_id) values (45, 'Accounting Assistant IV', 'Nondisp fx of lesser trochanter of left femur, sequela', 'Drainage of Left Axillary Lymphatic with Drainage Device, Percutaneous Endoscopic Approach', 28);
insert into posts (id, title, description, content, category_id) values (46, 'Systems Administratorr II', 'Other and unspecified injuries of lung', 'Fluoroscopy of Inferior Vena Cava using Low Osmolar Contrast', 18);
insert into posts (id, title, description, content, category_id) values (47, 'Legal Assistant I', 'Contusion of bladder, sequela', 'Dilation of Right Posterior Tibial Artery, Bifurcation, with Three Drug-eluting Intraluminal Devices, Percutaneous Endoscopic Approach', 14);
insert into posts (id, title, description, content, category_id) values (48, 'Geological Engineer', 'Oth disrd of bone density and structure, left forearm', 'Supplement Left Zygomatic Bone with Autologous Tissue Substitute, Percutaneous Endoscopic Approach', 60);
insert into posts (id, title, description, content, category_id) values (49, 'Software Test Engineer III', 'Disp fx of greater tuberosity of r humerus, init for opn fx', 'Dilation of Abdominal Aorta, Bifurcation, with Four or More Intraluminal Devices, Open Approach', 71);
insert into posts (id, title, description, content, category_id) values (50, 'Senior Cost Accountant', 'Milt op involving explosn of marine weapons, civilian, subs', 'Supplement Right Axillary Artery with Nonautologous Tissue Substitute, Percutaneous Endoscopic Approach', 17);
insert into posts (id, title, description, content, category_id) values (51, 'Graphic Designer', 'Partial traumatic amputation of unspecified ear, sequela', 'Supplement Right Posterior Tibial Artery with Nonautologous Tissue Substitute, Percutaneous Approach', 98);
insert into posts (id, title, description, content, category_id) values (52, 'Analyst Programmer', 'Person outside special agri vehicle injured nontraf, sequela', 'Insertion of Infusion Device into Left External Jugular Vein, Percutaneous Approach', 82);
insert into posts (id, title, description, content, category_id) values (53, 'Assistant Media Planner', 'Displ transverse fx shaft of unsp fibula, 7thR', 'Excision of Left Greater Saphenous Vein, Percutaneous Endoscopic Approach, Diagnostic', 10);
insert into posts (id, title, description, content, category_id) values (54, 'Community Outreach Specialist', 'Oth fracture of left great toe, init for opn fx', 'High Dose Rate (HDR) Brachytherapy of Bronchus using Palladium 103 (Pd-103)', 81);
insert into posts (id, title, description, content, category_id) values (55, 'Health Coach III', 'Other contact with other rodent', 'Supplement Right 5th Toe with Nonautologous Tissue Substitute, Percutaneous Endoscopic Approach', 13);
insert into posts (id, title, description, content, category_id) values (56, 'Paralegal', 'Other specified disorders of bone, thigh', 'Occlusion of Lower Esophagus, Percutaneous Approach', 50);
insert into posts (id, title, description, content, category_id) values (57, 'Chief Design Engineer II', 'Strain of right Achilles tendon', 'Replacement of Inferior Vena Cava with Nonautologous Tissue Substitute, Percutaneous Endoscopic Approach', 21);
insert into posts (id, title, description, content, category_id) values (58, 'Research Assistant III', 'Unsp injury of shoulder and upper arm, unsp arm, sequela', 'Removal of Monitoring Device from Cerebral Ventricle, Percutaneous Approach', 69);
insert into posts (id, title, description, content, category_id) values (59, 'Geologist IV', 'Disord social w onset specific to childhood and adolescence', 'Dilation of Lower Vein, Percutaneous Approach', 31);
insert into posts (id, title, description, content, category_id) values (60, 'Staff Accountant II', 'Labor and delivery complicated by prolapse of cord, fetus 3', 'Restriction of Aortic Lymphatic with Intraluminal Device, Percutaneous Endoscopic Approach', 92);
insert into posts (id, title, description, content, category_id) values (61, 'Operator IV', 'Toxic effect of soaps, accidental (unintentional), subs', 'Introduction of Destructive Agent into Pericardial Cavity, Percutaneous Approach', 13);
insert into posts (id, title, description, content, category_id) values (62, 'Marketing Manager I', 'Other superficial bite of scrotum and testes', 'Destruction of Right Tympanic Membrane, Via Natural or Artificial Opening Endoscopic', 7);
insert into posts (id, title, description, content, category_id) values (63, 'Biostatistician I', 'Displ spiral fx shaft of ulna, l arm, 7thK', 'Restriction of Urethra with Intraluminal Device, Percutaneous Approach', 72);
insert into posts (id, title, description, content, category_id) values (64, 'Developer I', 'Other specified injuries of right thigh, initial encounter', 'Inspection of Right Metacarpocarpal Joint, Open Approach', 33);
insert into posts (id, title, description, content, category_id) values (65, 'Junior Executive III', 'Oth superfic injuries of abd,low back, pelv & extrn genitals', 'Monitoring of Products of Conception, Cardiac Rhythm, Via Natural or Artificial Opening', 95);
insert into posts (id, title, description, content, category_id) values (66, 'Operator V', 'Occup of pk-up/van inj pk-up truck, pk-up/van in traf, subs', 'Extirpation of Matter from Lumbar Vertebral Disc, Percutaneous Approach', 99);
insert into posts (id, title, description, content, category_id) values (67, 'Junior Executive I', 'Nondisp fx of hook process of hamate bone, unspecified wrist', 'Fusion of Right Metacarpocarpal Joint, Percutaneous Approach', 93);
insert into posts (id, title, description, content, category_id) values (68, 'Operator VI', 'Poisoning by alpha-adrenocpt antagonists, accidental, subs', 'Extirpation of Matter from Right Nipple, Via Natural or Artificial Opening', 35);
insert into posts (id, title, description, content, category_id) values (69, 'Senior Cost Accountant I', 'Localized vascularization of cornea, right eye', 'Transfer Buttock Subcutaneous Tissue and Fascia with Skin and Subcutaneous Tissue, Open Approach', 97);
insert into posts (id, title, description, content, category_id) values (70, 'Financial Advisor III', 'Toxic effect of contact w venomous frog, undetermined, init', 'Bypass Abdominal Aorta to Left Common Iliac Artery, Open Approach', 80);
insert into posts (id, title, description, content, category_id) values (71, 'Biostatistician II', 'Sltr-haris Type III physl fx lower end ulna, unsp arm, sqla', 'Insertion of Internal Fixation Device into Right Ankle Joint, Open Approach', 57);
insert into posts (id, title, description, content, category_id) values (72, 'Business Systems Development Analyst II', 'External constriction of unspecified shoulder', 'Removal of Internal Fixation Device from Right Carpal, External Approach', 75);
insert into posts (id, title, description, content, category_id) values (73, 'Analog Circuit Design manager VII', 'Legal intervention involving other gas, bystander injured', 'Supplement Left Internal Mammary Artery with Synthetic Substitute, Percutaneous Approach', 95);
insert into posts (id, title, description, content, category_id) values (74, 'Technical WriterV', 'Poisoning by thrombolytic drug, accidental (unintentional)', 'Excision of Right Ankle Bursa and Ligament, Percutaneous Endoscopic Approach, Diagnostic', 7);
insert into posts (id, title, description, content, category_id) values (75, 'Recruiter I', 'Mech compl of muscle and tendon graft, initial encounter', 'Planar Nuclear Medicine Imaging of Right Lower Extremity using Other Radionuclide', 11);
insert into posts (id, title, description, content, category_id) values (76, 'Nurse', 'Driver of 3-whl mv inj in clsn w 2/3-whl mv in traf, sequela', 'Excision of Inferior Vena Cava, Percutaneous Approach', 65);
insert into posts (id, title, description, content, category_id) values (77, 'Help Desk Technician I', 'Toxic eff of halgn deriv of aromatic hydrocrb, undet, sqla', 'Drainage of Urethra, Percutaneous Approach', 57);
insert into posts (id, title, description, content, category_id) values (78, 'Quality Engineer I', 'Drug/chem diabetes mellitus w unsp diabetic retinopathy', 'Revision of Drainage Device in Left Hip Joint, External Approach', 40);
insert into posts (id, title, description, content, category_id) values (79, 'Senior Editor II', 'Other fracture of right great toe', 'Reposition Right Ulna with Intramedullary Internal Fixation Device, Percutaneous Endoscopic Approach', 53);
insert into posts (id, title, description, content, category_id) values (80, 'GIS Technical Architect IV', 'Nondisp fx of coracoid pro, unsp shldr, 7thP', 'Excision of Accessory Sinus, Percutaneous Approach', 78);
insert into posts (id, title, description, content, category_id) values (81, 'Community Outreach Specialist IV' , 'Other venous embolism and thrombosis', 'Muscle Performance Treatment of Integumentary System - Head and Neck', 11);
insert into posts (id, title, description, content, category_id) values (82, 'Nurse Practicioner V', 'Salter-Harris Type II physeal fracture of l calcaneus, 7thG', 'Plain Radiography of Right Subclavian Vein using Other Contrast', 69);
insert into posts (id, title, description, content, category_id) values (83, 'Help Desk Operator V', 'Total perforations of tympanic membrane', 'Dilation of Right Common Iliac Artery with Two Drug-eluting Intraluminal Devices, Percutaneous Approach', 85);
insert into posts (id, title, description, content, category_id) values (84, 'Cost Accountant V', 'Displ midcervical fx unsp femur, init for opn fx type I/2', 'Drainage of Right Hand Vein, Percutaneous Endoscopic Approach', 19);
insert into posts (id, title, description, content, category_id) values (85, 'VP Sales VI', 'Oth fracture of head and neck of right femur, init', 'Replacement of Left Upper Leg Skin with Synthetic Substitute, Full Thickness, External Approach', 51);
insert into posts (id, title, description, content, category_id) values (86, 'Compensation Analyst VI', 'Toxic effect of mycotoxin food contaminants, assault, init', 'Drainage of Left Hand Vein with Drainage Device, Percutaneous Approach', 33);
insert into posts (id, title, description, content, category_id) values (87, 'Safety Technician II', 'Encounter for fit/adjst of spectacles and contact lenses', 'Destruction of Rectum, Percutaneous Approach', 55);
insert into posts (id, title, description, content, category_id) values (88, 'Statistician II', 'Oth fx shaft of r femur, subs for opn fx type I/2 w nonunion', 'Supplement Left Upper Arm Tendon with Nonautologous Tissue Substitute, Open Approach', 2);
insert into posts (id, title, description, content, category_id) values (89, 'Tax Accountant VI', 'Minor laceration of head of pancreas', 'Removal of Other Device from Neck, Percutaneous Endoscopic Approach', 30);
insert into posts (id, title, description, content, category_id) values (90, 'Engineer III', 'Displaced fracture of pisiform, unspecified wrist', 'Introduction of Local Anesthetic into Respiratory Tract, Percutaneous Approach', 84);
insert into posts (id, title, description, content, category_id) values (91, 'Budget/Accounting Analyst I', 'Corrosion of third degree of unspecified shoulder', 'Replacement of Papillary Muscle with Nonautologous Tissue Substitute, Percutaneous Endoscopic Approach', 85);
insert into posts (id, title, description, content, category_id) values (92, 'Physical Therapy Assistant', 'Other cytomegaloviral diseases', 'Removal of Nonautologous Tissue Substitute from Mediastinum, Open Approach', 31);
insert into posts (id, title, description, content, category_id) values (93, 'Structural Engineer', 'Unspecified epiphora, left lacrimal gland', 'Plain Radiography of Sternum', 55);
insert into posts (id, title, description, content, category_id) values (94, 'VP Sales I', 'Congenital malformations of great arteries', 'Low Dose Rate (LDR) Brachytherapy of Ileum using Palladium 103 (Pd-103)', 90);
insert into posts (id, title, description, content, category_id) values (95, 'Payment Adjustment Coordinator I', 'Traction detachment of retina', 'Magnetic Resonance Imaging (MRI) of Abdominal Aorta using Other Contrast', 41);
insert into posts (id, title, description, content, category_id) values (96, 'Administrative Officer I', 'Other atypical virus infections of central nervous system', 'Excision of Right Axillary Vein, Open Approach', 14);
insert into posts (id, title, description, content, category_id) values (97, 'Chemical Engineer I', 'Pasngr in pk-up/van inj in clsn w ped/anml in traf, sequela', 'Repair Right Fibula, Percutaneous Endoscopic Approach', 26);
insert into posts (id, title, description, content, category_id) values (98, 'Editor I', 'Sublux of interphaln joint of left lesser toe(s), sequela', 'Occlusion of Left Face Vein with Extraluminal Device, Open Approach', 16);
insert into posts (id, title, description, content, category_id) values (99, 'Systems Administrator III', 'Terrorism involving chemical weapons, civilian injured, subs', 'High Dose Rate (HDR) Brachytherapy of Trachea using Palladium 103 (Pd-103)', 43);
insert into posts (id, title, description, content, category_id) values (100, 'Food Chemist', 'Glaucoma secondary to oth eye disorders, bi, mild stage', 'Excision of Left Axilla, Percutaneous Approach, Diagnostic', 22);


insert into comments (id, post_id, name, email, body) values (1, 66, 'Ravid Callinan', 'rcallinan0@feedburner.com', 'Vasectomy');
insert into comments (id, post_id, name, email, body) values (2, 37, 'Daffie Carrell', 'dcarrell1@nationalgeographic.com', 'Control of (postoperative) hemorrhage of prostate');
insert into comments (id, post_id, name, email, body) values (3, 2, 'Cherida Jacobsohn', 'cjacobsohn2@mit.edu', 'Open mediastinal biopsy');
insert into comments (id, post_id, name, email, body) values (4, 5, 'Briggs Saiz', 'bsaiz3@amazon.com', 'Laparoscopically assisted vaginal hysterectomy (LAVH)');
insert into comments (id, post_id, name, email, body) values (5, 31, 'Constantina Chauvey', 'cchauvey4@godaddy.com', 'Other removal of both ovaries and tubes at same operative episode');
insert into comments (id, post_id, name, email, body) values (6, 52, 'Charis Dobie', 'cdobie5@godaddy.com', 'Resection of vessel with replacement, other vessels of head and neck');
insert into comments (id, post_id, name, email, body) values (7, 89, 'Mohammed Jedrzaszkiewicz', 'mjedrzaszkiewicz6@dailymail.co.uk', 'Other local excision or destruction of lesion of joint, ankle');
insert into comments (id, post_id, name, email, body) values (8, 96, 'Roxanna Franchi', 'rfranchi7@a8.net', 'Root canal therapy with irrigation');
insert into comments (id, post_id, name, email, body) values (9, 81, 'Roy McReynold', 'rmcreynold8@google.es', 'Hair transplant');
insert into comments (id, post_id, name, email, body) values (10, 68, 'Berenice Gallardo', 'bgallardo9@cnbc.com', 'Puncture of spleen');
insert into comments (id, post_id, name, email, body) values (11, 24, 'Beau Stubbin', 'bstubbina@ed.gov', 'Injection of destructive agent into spinal canal');
insert into comments (id, post_id, name, email, body) values (12, 37, 'Elvyn McGerr', 'emcgerrb@narod.ru', 'Aspiration of fallopian tube');
insert into comments (id, post_id, name, email, body) values (13, 79, 'Sandor Townes', 'stownesc@pinterest.com', 'Removal of artificial anal sphincter');
insert into comments (id, post_id, name, email, body) values (14, 91, 'Addi Pipe', 'apiped@51.la', 'Other surgical extraction of tooth');
insert into comments (id, post_id, name, email, body) values (15, 50, 'Odessa Budding', 'obuddinge@sina.com.cn', 'Microscopic examination of specimen from operative wound, culture and sensitivity');
insert into comments (id, post_id, name, email, body) values (16, 42, 'Dag Lanfare', 'dlanfaref@constantcontact.com', 'Implantation or replacement of cochlear prosthetic device, not otherwise specified');
insert into comments (id, post_id, name, email, body) values (17, 5, 'Tony Hedderly', 'thedderlyg@w3.org', 'Other repair and plastic operations on trachea');
insert into comments (id, post_id, name, email, body) values (18, 71, 'Orlando Cruikshanks', 'ocruikshanksh@sakura.ne.jp', 'Other reconstruction of conjunctival cul-de-sac');
insert into comments (id, post_id, name, email, body) values (19, 13, 'Harlen Olliar', 'holliari@marketwatch.com', 'Other diagnostic procedures on salivary glands and ducts');
insert into comments (id, post_id, name, email, body) values (20, 76, 'Brittaney Jovis', 'bjovisj@stumbleupon.com', 'Insertion of permanent tube into esophagus');
insert into comments (id, post_id, name, email, body) values (21, 4, 'Francois Drury', 'fdruryk@usnews.com', 'Incision of pituitary gland');
insert into comments (id, post_id, name, email, body) values (22, 39, 'Mischa Fumagall', 'mfumagalll@nih.gov', 'Scan of other sites');
insert into comments (id, post_id, name, email, body) values (23, 68, 'Kennan Chomley', 'kchomleym@cam.ac.uk', 'Diagnostic procedures on bone, not elsewhere classified, tarsals and metatarsals');
insert into comments (id, post_id, name, email, body) values (24, 20, 'Tom Beese', 'tbeesen@sphinn.com', 'Injection of larynx');
insert into comments (id, post_id, name, email, body) values (25, 63, 'Nathalia Van Arsdall', 'nvano@sbwire.com', 'Vaccination against tuberculosis');
insert into comments (id, post_id, name, email, body) values (26, 55, 'Sterling Stringer', 'sstringerp@java.com', 'Reattachment of muscle of hand');
insert into comments (id, post_id, name, email, body) values (27, 49, 'Brander Cammis', 'bcammisq@pbs.org', 'Other incision of thymus');
insert into comments (id, post_id, name, email, body) values (28, 62, 'Berthe Madden', 'bmaddenr@devhub.com', 'Aspiration and lavage of nasal sinus, not otherwise specified');
insert into comments (id, post_id, name, email, body) values (29, 74, 'Janeta Morl', 'jmorls@etsy.com', 'Ligation of gastric varices');
insert into comments (id, post_id, name, email, body) values (30, 76, 'Caren Broddle', 'cbroddlet@europa.eu', 'Removal of foreign body from spinal canal');
insert into comments (id, post_id, name, email, body) values (31, 86, 'Gerik Huffa', 'ghuffau@who.int', 'Other diagnostic procedures on retina, choroid, vitreous, and posterior chamber');
insert into comments (id, post_id, name, email, body) values (32, 35, 'Hermy Mazillius', 'hmazilliusv@dailymotion.com', 'Interatrial transposition of venous return');
insert into comments (id, post_id, name, email, body) values (33, 57, 'Kellsie Braunstein', 'kbraunsteinw@nationalgeographic.com', 'Open heart valvuloplasty of tricuspid valve without replacement');
insert into comments (id, post_id, name, email, body) values (34, 79, 'Nataline Dunkley', 'ndunkleyx@godaddy.com', 'Retroperitoneal dissection, not otherwise specified');
insert into comments (id, post_id, name, email, body) values (35, 54, 'Tommie Poston', 'tpostony@ezinearticles.com', 'Other lysis of adhesions of ovary and fallopian tube');
insert into comments (id, post_id, name, email, body) values (36, 17, 'Fremont Kennan', 'fkennanz@usatoday.com', 'Open reduction of fracture with internal fixation, phalanges of hand');
insert into comments (id, post_id, name, email, body) values (37, 86, 'Frank Ellinor', 'fellinor10@sciencedirect.com', 'Total ostectomy, humerus');
insert into comments (id, post_id, name, email, body) values (38, 55, 'Adolph Belson', 'abelson11@goodreads.com', 'Nephroscopy');
insert into comments (id, post_id, name, email, body) values (39, 64, 'Homere Lief', 'hlief12@bigcartel.com', 'Osteopathic manipulative treatment using low- velocity, high-amplitude forces');
insert into comments (id, post_id, name, email, body) values (40, 99, 'Fabe Garwood', 'fgarwood13@ted.com', 'Excision of lacrimal sac and passage');
insert into comments (id, post_id, name, email, body) values (41, 49, 'Vivie Mantrip', 'vmantrip14@naver.com', 'Insertion of permanent tube into esophagus');
insert into comments (id, post_id, name, email, body) values (42, 51, 'Zacherie Van der Daal', 'zvan15@livejournal.com', 'Repair of canaliculus');
insert into comments (id, post_id, name, email, body) values (43, 24, 'Cristine Joberne', 'cjoberne16@histats.com', 'Carotid pulse tracing with ECG lead');
insert into comments (id, post_id, name, email, body) values (44, 27, 'Vivie Harmson', 'vharmson17@home.pl', 'Removal of sutures from thorax');
insert into comments (id, post_id, name, email, body) values (45, 41, 'Frannie McDool', 'fmcdool18@prlog.org', 'Partial shoulder replacement');
insert into comments (id, post_id, name, email, body) values (46, 74, 'Joly Galvin', 'jgalvin19@acquirethisname.com', 'Other bypass anastomosis for heart revascularization');
insert into comments (id, post_id, name, email, body) values (47, 94, 'Meyer Le Noury', 'mle1a@gmpg.org', 'Diagnostic procedures on bone, not elsewhere classified, patella');
insert into comments (id, post_id, name, email, body) values (48, 49, 'Chloe Morsey', 'cmorsey1b@jigsy.com', 'Flexible sigmoidoscopy');
insert into comments (id, post_id, name, email, body) values (49, 12, 'Issy Mortel', 'imortel1c@google.ca', 'Other soft tissue x-ray of face, head, and neck');
insert into comments (id, post_id, name, email, body) values (50, 9, 'Trever Hexter', 'thexter1d@jigsy.com', 'Division or crushing of other cranial and peripheral nerves');
insert into comments (id, post_id, name, email, body) values (51, 39, 'Emelita Ashington', 'eashington1e@mozilla.com', 'Enucleation of eyeball with synchronous implant into Tenon''s capsule with attachment of muscles');
insert into comments (id, post_id, name, email, body) values (52, 24, 'Giovanna Benzies', 'gbenzies1f@symantec.com', 'Gastrotomy');
insert into comments (id, post_id, name, email, body) values (53, 90, 'Dunn Schober', 'dschober1g@freewebs.com', 'Intravascular imaging of coronary vessel(s) by optical coherence tomography [OCT]');
insert into comments (id, post_id, name, email, body) values (54, 96, 'La verne Wilmott', 'lverne1h@woothemes.com', 'Other simple suture of ovary');
insert into comments (id, post_id, name, email, body) values (55, 87, 'Archibald Plunkett', 'aplunkett1i@berkeley.edu', 'Other operations on bronchus');
insert into comments (id, post_id, name, email, body) values (56, 20, 'Zaccaria Hubbins', 'zhubbins1j@fastcompany.com', 'Cystourethroplasty and plastic repair of bladder neck');
insert into comments (id, post_id, name, email, body) values (57, 31, 'Marcela Levesley', 'mlevesley1k@sina.com.cn', 'Open osteoplasty [osteotomy] of mandibular ramus');
insert into comments (id, post_id, name, email, body) values (58, 1, 'Robin Lonergan', 'rlonergan1l@hp.com', 'Other incision, excision, and destruction of inner ear');
insert into comments (id, post_id, name, email, body) values (59, 1, 'Nonah Headland', 'nheadland1m@sina.com.cn', 'Repair of blepharoptosis by tarsal technique');
insert into comments (id, post_id, name, email, body) values (60, 53, 'Geralda Osgorby', 'gosgorby1n@redcross.org', 'Microscopic examination of specimen from spleen and of bone marrow, other microscopic examination');
insert into comments (id, post_id, name, email, body) values (61, 89, 'Tedie Corain', 'tcorain1o@who.int', 'Resection of nose');
insert into comments (id, post_id, name, email, body) values (62, 73, 'Emily Hullah', 'ehullah1p@cbc.ca', 'Other operations on nervous system');
insert into comments (id, post_id, name, email, body) values (63, 29, 'Gunilla Urwen', 'gurwen1q@narod.ru', 'Culdoscopy');
insert into comments (id, post_id, name, email, body) values (64, 33, 'Dal Grindle', 'dgrindle1r@webnode.com', 'Dorsal or lateral slit of prepuce');
insert into comments (id, post_id, name, email, body) values (65, 77, 'Margaux Laver', 'mlaver1s@constantcontact.com', 'Open and other replacement of aortic valve');
insert into comments (id, post_id, name, email, body) values (66, 32, 'Joceline O''Driscole', 'jodriscole1t@examiner.com', 'Insertion of endotracheal tube');
insert into comments (id, post_id, name, email, body) values (67, 4, 'Waring De Bischop', 'wde1u@google.es', 'Ureteral meatotomy');
insert into comments (id, post_id, name, email, body) values (68, 28, 'Kinnie Johansen', 'kjohansen1v@mapquest.com', 'Phlebography using contrast material, unspecified site');
insert into comments (id, post_id, name, email, body) values (69, 46, 'Colas Lapere', 'clapere1w@opera.com', 'Other incision of soft tissue of hand');
insert into comments (id, post_id, name, email, body) values (70, 36, 'Lavinia Keightley', 'lkeightley1x@answers.com', 'Other local excision or destruction of lesion of joint, knee');
insert into comments (id, post_id, name, email, body) values (71, 37, 'Minnie Dobey', 'mdobey1y@blogtalkradio.com', 'Other repair of vagina');
insert into comments (id, post_id, name, email, body) values (72, 41, 'Trip Castellaccio', 'tcastellaccio1z@is.gd', 'Bone graft, tibia and fibula');
insert into comments (id, post_id, name, email, body) values (73, 33, 'Jordanna Ciardo', 'jciardo20@etsy.com', 'Microscopic examination of specimen from trachea, bronchus, pleura, lung, and other thoracic specimen, and of sputum, toxicology');
insert into comments (id, post_id, name, email, body) values (74, 30, 'Mae Ivett', 'mivett21@creativecommons.org', 'Local excision or destruction of lesion of facial bone');
insert into comments (id, post_id, name, email, body) values (75, 29, 'Meara Spatig', 'mspatig22@apache.org', 'Sequestrectomy, radius and ulna');
insert into comments (id, post_id, name, email, body) values (76, 85, 'Talia Mutton', 'tmutton23@newsvine.com', 'Other diagnostic procedures on pancreas');
insert into comments (id, post_id, name, email, body) values (77, 5, 'Gun Wollrauch', 'gwollrauch24@gnu.org', 'Excision of cystic duct remnant');
insert into comments (id, post_id, name, email, body) values (78, 91, 'Kasper Toleman', 'ktoleman25@harvard.edu', 'Breast thermography');
insert into comments (id, post_id, name, email, body) values (79, 9, 'Ardra Llewellin', 'allewellin26@house.gov', 'Microscopic examination of specimen from female genital tract, bacterial smear');
insert into comments (id, post_id, name, email, body) values (80, 81, 'Merl Donnersberg', 'mdonnersberg27@merriam-webster.com', 'Hip bearing surface, ceramic-on-ceramic');
insert into comments (id, post_id, name, email, body) values (81, 35, 'Georg Fassbindler', 'gfassbindler28@ehow.com', 'Other repair or plastic operations on bone, tarsals and metatarsals');
insert into comments (id, post_id, name, email, body) values (82, 35, 'Ethelyn Wincer', 'ewincer29@admin.ch', 'Debridement of open fracture, unspecified site');
insert into comments (id, post_id, name, email, body) values (83, 7, 'Donielle Stolworthy', 'dstolworthy2a@joomla.org', 'Endoscopic excision or destruction of lesion of biliary ducts or sphincter of Oddi');
insert into comments (id, post_id, name, email, body) values (84, 54, 'Cinda Prozillo', 'cprozillo2b@amazon.co.uk', 'Anal fistulotomy');
insert into comments (id, post_id, name, email, body) values (85, 38, 'Trudy Fogg', 'tfogg2c@bravesites.com', 'Partial nephrectomy');
insert into comments (id, post_id, name, email, body) values (86, 22, 'Goldy Housden', 'ghousden2d@4shared.com', 'Other operations on biliary tract');
insert into comments (id, post_id, name, email, body) values (87, 62, 'Giordano MacNally', 'gmacnally2e@vimeo.com', 'Individual therapy for psychosexual dysfunction');
insert into comments (id, post_id, name, email, body) values (88, 35, 'Marvin Spadaro', 'mspadaro2f@ocn.ne.jp', 'Other diagnostic procedures on cranial and peripheral nerves and ganglia');
insert into comments (id, post_id, name, email, body) values (89, 49, 'Ellwood Lumm', 'elumm2g@constantcontact.com', 'Hysterotomy to terminate pregnancy');
insert into comments (id, post_id, name, email, body) values (90, 68, 'Herc Yu', 'hyu2h@dropbox.com', 'Training in use of prosthetic or orthotic device');
insert into comments (id, post_id, name, email, body) values (91, 48, 'Emile Wiltshire', 'ewiltshire2i@seesaa.net', 'Other bilateral endoscopic destruction or occlusion of fallopian tubes');
insert into comments (id, post_id, name, email, body) values (92, 37, 'Lynelle Hatchard', 'lhatchard2j@4shared.com', 'Other diagnostic procedures on fallopian tubes');
insert into comments (id, post_id, name, email, body) values (93, 47, 'Ward Halleday', 'whalleday2k@foxnews.com', 'Repair of canaliculus');
insert into comments (id, post_id, name, email, body) values (94, 92, 'Jabez Matherson', 'jmatherson2l@canalblog.com', 'Excision of lacrimal gland, not otherwise specified');
insert into comments (id, post_id, name, email, body) values (95, 39, 'Lenard Burmaster', 'lburmaster2m@amazon.co.jp', 'Referral for other psychologic rehabilitation');
insert into comments (id, post_id, name, email, body) values (96, 10, 'Kakalina Scammonden', 'kscammonden2n@edublogs.org', 'Other excision of soft tissue of hand');
insert into comments (id, post_id, name, email, body) values (97, 52, 'Brewster Archbald', 'barchbald2o@parallels.com', 'Repair of retinal detachment with photocoagulation of unspecified type');
insert into comments (id, post_id, name, email, body) values (98, 68, 'Randi Capewell', 'rcapewell2p@angelfire.com', 'Exploration of thymus field');
insert into comments (id, post_id, name, email, body) values (99, 89, 'Kelcy Eicheler', 'keicheler2q@wufoo.com', 'Endoscopic removal of stone(s) from pancreatic duct');
insert into comments (id, post_id, name, email, body) values (100, 99, 'Rowena Alfwy', 'ralfwy2r@businesswire.com', 'Insertion of testicular prosthesis');


INSERT INTO roles (id, name) VALUES(1, 'admin');
INSERT INTO roles (id, name) VALUES(2, 'user');

insert into users (id, username, email, password, name) values (1, 'meakle0', 'meakle0@newsvine.com', '$2a$12$DCVKHaKCZSDiZcucHQ89pu/giIllprdpDa/wzaljvpKqEKDUMe5Fi', 'Micah Eakle');
insert into users (id, username, email, password, name) values (2, 'sdruery1', 'sdruery1@github.com', 'zR6+crl+n', 'Say Druery');
insert into users (id, username, email, password, name) values (3, 'jgiuron2', 'jgiuron2@virginia.edu', 'sN6!UE+yBK', 'Janelle Giuron');
insert into users (id, username, email, password, name) values (4, 'mflaubert3', 'mflaubert3@studiopress.com', 'pK8?SF?e', 'Myriam Flaubert');
insert into users (id, username, email, password, name) values (5, 'mhargreaves4', 'mhargreaves4@nba.com', 'bQ4/s_u#/jwh,/y', 'Mariel Hargreaves');
insert into users (id, username, email, password, name) values (6, 'aiglesiaz5', 'aiglesiaz5@java.com', 'yQ8_YjBPi8v{fj$N', 'Anabal Iglesiaz');
insert into users (id, username, email, password, name) values (7, 'loiseau6', 'loiseau6@twitpic.com', 'tE7''DoNy~H}', 'Libbey Oiseau');
insert into users (id, username, email, password, name) values (8, 'amulheron7', 'amulheron7@sourceforge.net', 'oC3(fV#k1P@', 'Anton Mulheron');
insert into users (id, username, email, password, name) values (9, 'mbraunle8', 'mbraunle8@fastcompany.com', 'uO1")<=t>|kjco_', 'Mayer Braunle');
insert into users (id, username, email, password, name) values (10, 'amackniely9', 'amackniely9@technorati.com', 'xX1"%ZwGw4%>s?+', 'Albertina MacKniely');
insert into users (id, username, email, password, name) values (11, 'vjodkowskia', 'vjodkowskia@dagondesign.com', 'lV0{1|Z#', 'Vasili Jodkowski');
insert into users (id, username, email, password, name) values (12, 'dstebbingsb', 'dstebbingsb@ftc.gov', 'fX2}', 'Dacia Stebbings');
insert into users (id, username, email, password, name) values (13, 'nwestmorlandc', 'nwestmorlandc@360.cn', 'pP4$g3zai', 'Niccolo Westmorland');
insert into users (id, username, email, password, name) values (14, 'omcclementsd', 'omcclementsd@craigslist.org', 'eX8=RSFXxrL@~', 'Odo McClements');
insert into users (id, username, email, password, name) values (15, 'aocosgrae', 'aocosgrae@webs.com', 'xR5"Qg)YV', 'Anthia O''Cosgra');
insert into users (id, username, email, password, name) values (16, 'mwarnf', 'mwarnf@nhs.uk', 'nC8"!TUQZ?Dj&SR', 'Massimo Warn');
insert into users (id, username, email, password, name) values (17, 'fallderidgeg', 'fallderidgeg@salon.com', 'rO3,zB+t7CV7', 'Filippa Allderidge');
insert into users (id, username, email, password, name) values (18, 'eyesh', 'eyesh@pinterest.com', 'fS5?13X4.gkeT*ze', 'Elberta Yes');
insert into users (id, username, email, password, name) values (19, 'rmcilveeni', 'rmcilveeni@elpais.com', 'rQ0}%Ts0Nd', 'Rosette McIlveen');
insert into users (id, username, email, password, name) values (20, 'kcessfordj', 'kcessfordj@photobucket.com', 'kQ9)HC''H~u', 'Kath Cessford');
insert into users (id, username, email, password, name) values (21, 'ehemphillk', 'ehemphillk@bizjournals.com', 'mP6(B@E#', 'Ericha Hemphill');
insert into users (id, username, email, password, name) values (22, 'sharmanl', 'sharmanl@apple.com', 'eJ8&7jqSJgu''VX0', 'Simon Harman');
insert into users (id, username, email, password, name) values (23, 'smcmichellm', 'smcmichellm@irs.gov', 'mH6)5pYZF_lcxeL4', 'Siana McMichell');
insert into users (id, username, email, password, name) values (24, 'ewanklynn', 'ewanklynn@wiley.com', 'oE0"on*$?gy', 'Evey Wanklyn');
insert into users (id, username, email, password, name) values (25, 'cgauvaino', 'cgauvaino@dedecms.com', 'gX5#=>/viQ', 'Corabella Gauvain');
insert into users (id, username, email, password, name) values (26, 'cheissp', 'cheissp@exblog.jp', 'yR4{GStc0Yhhw', 'Cindi Heiss');
insert into users (id, username, email, password, name) values (27, 'wmunginq', 'wmunginq@mediafire.com', 'wF6>KQJ4x<', 'Wyatt Mungin');
insert into users (id, username, email, password, name) values (28, 'jkinsmanr', 'jkinsmanr@rakuten.co.jp', 'rV0,QxVR', 'Jeffry Kinsman');
insert into users (id, username, email, password, name) values (29, 'gstigerss', 'gstigerss@narod.ru', 'bI9(RVc,V', 'Gustie Stigers');
insert into users (id, username, email, password, name) values (30, 'ckleiselt', 'ckleiselt@biglobe.ne.jp', 'yQ4"IHX>uMrK', 'Correy Kleisel');
insert into users (id, username, email, password, name) values (31, 'chunteu', 'chunteu@marketwatch.com', 'wK7_8hLrBj5', 'Cazzie Hunte');
insert into users (id, username, email, password, name) values (32, 'fbathav', 'fbathav@cdc.gov', 'bQ4_GB+e', 'Frankie Batha');
insert into users (id, username, email, password, name) values (33, 'acahenw', 'acahenw@stanford.edu', 'fO8(X@U|P(UEAV', 'Audra Cahen');
insert into users (id, username, email, password, name) values (34, 'ghendricksonx', 'ghendricksonx@epa.gov', 'eI6''=GML@t#Q_', 'Garrik Hendrickson');
insert into users (id, username, email, password, name) values (35, 'apitrolloy', 'apitrolloy@slideshare.net', 'dZ4>gz*z{9Qn7', 'Adrien Pitrollo');
insert into users (id, username, email, password, name) values (36, 'ktrodlerz', 'ktrodlerz@nsw.gov.au', 'mU2$D@''~H_', 'Koo Trodler');
insert into users (id, username, email, password, name) values (37, 'dblasio10', 'dblasio10@opera.com', 'hV7+m|af,', 'Dusty Blasio');
insert into users (id, username, email, password, name) values (38, 'hpercifull11', 'hpercifull11@spotify.com', 'kL1@$9?(M', 'Halsy Percifull');
insert into users (id, username, email, password, name) values (39, 'erosenwald12', 'erosenwald12@foxnews.com', 'vL8=R"of.B#Gcc', 'Emmeline Rosenwald');
insert into users (id, username, email, password, name) values (40, 'wwraggs13', 'wwraggs13@tumblr.com', 'yN0!2<J2NQ_*S*h', 'Willabella Wraggs');
insert into users (id, username, email, password, name) values (41, 'cshemmin14', 'cshemmin14@google.com', 'pW4{MNI_3(aEw|Us', 'Chrisy Shemmin');
insert into users (id, username, email, password, name) values (42, 'hprestedge15', 'hprestedge15@purevolume.com', 'oL2#m7biAddO,A', 'Herta Prestedge');
insert into users (id, username, email, password, name) values (43, 'amauchline16', 'amauchline16@histats.com', 'iZ0)%g$P.%~', 'Anatola Mauchline');
insert into users (id, username, email, password, name) values (44, 'vbeeres17', 'vbeeres17@accuweather.com', 'nZ2.Ya"a', 'Vic Beeres');
insert into users (id, username, email, password, name) values (45, 'ghalahan18', 'ghalahan18@nhs.uk', 'oG3@TS|y(F!?{FSv', 'Gunar Halahan');
insert into users (id, username, email, password, name) values (46, 'kfantone19', 'kfantone19@senate.gov', 'cU2''j)r*t', 'Kimball Fantone');
insert into users (id, username, email, password, name) values (47, 'gpiegrome1a', 'gpiegrome1a@alibaba.com', 'lE2,%W?I', 'Gaynor Piegrome');
insert into users (id, username, email, password, name) values (48, 'sgaynor1b', 'sgaynor1b@mac.com', 'dX8<t.Hdcwk', 'Skell Gaynor');
insert into users (id, username, email, password, name) values (49, 'vhagwood1c', 'vhagwood1c@discuz.net', 'tV1*oMAlK2', 'Vidovic Hagwood');
insert into users (id, username, email, password, name) values (50, 'zbydaway1d', 'zbydaway1d@oracle.com', 'dA6`KmDX~F', 'Zuzana Bydaway');
insert into users (id, username, email, password, name) values (51, 'dgirkins1e', 'dgirkins1e@bing.com', '{bcrypt}lE2,%W?IAA', 'Danny Girkins');
insert into users (id, username, email, password, name) values (52, 'cfoxley1f', 'cfoxley1f@vimeo.com', 'cR1{!wG7i%FCW$_7', 'Corissa Foxley');
insert into users (id, username, email, password, name) values (53, 'jtrathen1g', 'jtrathen1g@alexa.com', 'zR4+?7Ti}z7(', 'Jerry Trathen');
insert into users (id, username, email, password, name) values (54, 'ipinock1h', 'ipinock1h@addthis.com', 'qF0@,b!v', 'Iolande Pinock');
insert into users (id, username, email, password, name) values (55, 'lbrash1i', 'lbrash1i@goo.ne.jp', 'sR4(HmiEeP', 'Laurie Brash');
insert into users (id, username, email, password, name) values (56, 'fdeddum1j', 'fdeddum1j@taobao.com', 'wQ4''"}pVfrM}', 'Fianna Deddum');
insert into users (id, username, email, password, name) values (57, 'fstitcher1k', 'fstitcher1k@joomla.org', 'wU3@''nc&=Ssi', 'Faye Stitcher');
insert into users (id, username, email, password, name) values (58, 'cbaseke1l', 'cbaseke1l@va.gov', 'wI7)Ux@O_3', 'Conney Baseke');
insert into users (id, username, email, password, name) values (59, 'rlaffin1m', 'rlaffin1m@psu.edu', 'rH1(1HIDzVwkD9', 'Reagan Laffin');
insert into users (id, username, email, password, name) values (60, 'wduncan1n', 'wduncan1n@php.net', 'uZ7"M3|kWhop`a', 'Woodie Duncan');
insert into users (id, username, email, password, name) values (61, 'tdunbleton1o', 'tdunbleton1o@timesonline.co.uk', 'jC0=D,sM_Q', 'Thoma Dunbleton');
insert into users (id, username, email, password, name) values (62, 'wwoodington1p', 'wwoodington1p@smugmug.com', 'mH9@xvi.sz|', 'Wallis Woodington');
insert into users (id, username, email, password, name) values (63, 'dladson1q', 'dladson1q@wikispaces.com', 'jL4+G15rp', 'Danika Ladson');
insert into users (id, username, email, password, name) values (64, 'edruce1r', 'edruce1r@ask.com', 'wH2$@A_n', 'Ethelind Druce');
insert into users (id, username, email, password, name) values (65, 'tpummery1s', 'tpummery1s@google.de', 'bL5>C(lO1HQ1u&', 'Tadd Pummery');
insert into users (id, username, email, password, name) values (66, 'alovatt1t', 'alovatt1t@europa.eu', 'mJ2!)J604%K', 'Amabel Lovatt');
insert into users (id, username, email, password, name) values (67, 'eplevin1u', 'eplevin1u@tamu.edu', 'dF9=''7aB@M{', 'Esme Plevin');
insert into users (id, username, email, password, name) values (68, 'cpeche1v', 'cpeche1v@japanpost.jp', 'rI7|E5i`>xwf,wV', 'Cchaddie Peche');
insert into users (id, username, email, password, name) values (69, 'cdunning1w', 'cdunning1w@qq.com', 'rP5+2+pgO', 'Cecily Dunning');
insert into users (id, username, email, password, name) values (70, 'bchubb1x', 'bchubb1x@mozilla.org', 'qP8+zL%d@n4', 'Benedetto Chubb');
insert into users (id, username, email, password, name) values (71, 'pyousef1y', 'pyousef1y@cnbc.com', 'sR5!YAaZ_STTQZ~L', 'Peri Yousef');
insert into users (id, username, email, password, name) values (72, 'apoulsum1z', 'apoulsum1z@e-recht24.de', 'aW0`={hLT%1d', 'Adan Poulsum');
insert into users (id, username, email, password, name) values (73, 'efetherstonhaugh20', 'efetherstonhaugh20@wikipedia.org', 'bK7=T"/E', 'Estrella Fetherstonhaugh');
insert into users (id, username, email, password, name) values (74, 'mharsnipe21', 'mharsnipe21@nhs.uk', 'oP8_0q.z}jAis"v', 'Marcela Harsnipe');
insert into users (id, username, email, password, name) values (75, 'tcrevagh22', 'tcrevagh22@mit.edu', 'eI7+0Po9Ly', 'Tadeo Crevagh');
insert into users (id, username, email, password, name) values (76, 'sbrighouse23', 'sbrighouse23@omniture.com', 'zU0>@XDxXJ', 'Sibyl Brighouse');
insert into users (id, username, email, password, name) values (77, 'akenford24', 'akenford24@vistaprint.com', 'oC7/''CJckQe1', 'Ann-marie Kenford');
insert into users (id, username, email, password, name) values (78, 'jmonkeman25', 'jmonkeman25@mlb.com', 'sP4*iJ''q@_tX/', 'Juliann Monkeman');
insert into users (id, username, email, password, name) values (79, 'tlamblin26', 'tlamblin26@vkontakte.ru', 'pQ3*"j1!>CYo#', 'Teodor Lamblin');
insert into users (id, username, email, password, name) values (80, 'amenault27', 'amenault27@timesonline.co.uk', 'uP8}b03Wns&354', 'Alli Menault');
insert into users (id, username, email, password, name) values (81, 'rgilligan28', 'rgilligan28@linkedin.com', 'jN3~bIPG''66)s6', 'Robbert Gilligan');
insert into users (id, username, email, password, name) values (82, 'bgoodson29', 'bgoodson29@storify.com', 'pS6}v6qT&s(', 'Briney Goodson');
insert into users (id, username, email, password, name) values (83, 'dmaddinon2a', 'dmaddinon2a@wikipedia.org', 'aO3/x4ixGIT/', 'Daveen Maddinon');
insert into users (id, username, email, password, name) values (84, 'vfishbourne2b', 'vfishbourne2b@dot.gov', 'kQ3`O6*F_MbF', 'Vikky Fishbourne');
insert into users (id, username, email, password, name) values (85, 'tchadney2c', 'tchadney2c@state.gov', 'qS7.O}i,vh>', 'Tanitansy Chadney');
insert into users (id, username, email, password, name) values (86, 'hstileman2d', 'hstileman2d@yolasite.com', 'iX3$LZIr', 'Hana Stileman');
insert into users (id, username, email, password, name) values (87, 'ecampagne2e', 'ecampagne2e@businesswire.com', 'yU7{X9v.!)?', 'Ericka Campagne');
insert into users (id, username, email, password, name) values (88, 'rcarsberg2f', 'rcarsberg2f@va.gov', 'iV2}i9uJI', 'Rozalin Carsberg');
insert into users (id, username, email, password, name) values (89, 'bolechnowicz2g', 'bolechnowicz2g@huffingtonpost.com', 'uP8!A?''DY>g|', 'Brod Olechnowicz');
insert into users (id, username, email, password, name) values (90, 'adispencer2h', 'adispencer2h@seattletimes.com', 'pC3"FOG#5W', 'Ameline Dispencer');
insert into users (id, username, email, password, name) values (91, 'kbovis2i', 'kbovis2i@examiner.com', 'nG2#l{A<GG', 'Kurtis Bovis');
insert into users (id, username, email, password, name) values (92, 'mmarzelo2j', 'mmarzelo2j@acquirethisname.com', 'mA9{.%!>_rmnS9g', 'Madalena Marzelo');
insert into users (id, username, email, password, name) values (93, 'aede2k', 'aede2k@deliciousdays.com', 'pQ5,8SYy`7G', 'Andra Ede');
insert into users (id, username, email, password, name) values (94, 'jcardiff2l', 'jcardiff2l@shareasale.com', 'kB1{dC"y', 'Judith Cardiff');
insert into users (id, username, email, password, name) values (95, 'hpovele2m', 'hpovele2m@opensource.org', 'cD8=AUe8M5J', 'Hortensia Povele');
insert into users (id, username, email, password, name) values (96, 'khechlin2n', 'khechlin2n@icio.us', 'sK8)h?J=?~Z+%,p', 'Kristine Hechlin');
insert into users (id, username, email, password, name) values (97, 'malessandretti2o', 'malessandretti2o@omniture.com', 'vQ6)I},q', 'Marcy Alessandretti');
insert into users (id, username, email, password, name) values (98, 'dweal2p', 'dweal2p@youku.com', 'qX0+UhBw&n', 'Derry Weal');
insert into users (id, username, email, password, name) values (99, 'ywaddy2q', 'ywaddy2q@accuweather.com', 'kS2>3$m@V%Jqq+c', 'Yoshiko Waddy');
insert into users (id, username, email, password, name) values (100, 'wbahls2r', 'wbahls2r@mac.com', 'sQ0|KHKUN$I|/*', 'Wanids Bahls');

insert into users_roles (role_id, user_id) values (1, 1);
insert into users_roles (role_id, user_id) values (1, 2);
insert into users_roles (role_id, user_id) values (1, 3);
insert into users_roles (role_id, user_id) values (1, 4);
insert into users_roles (role_id, user_id) values (1, 5);
insert into users_roles (role_id, user_id) values (1, 6);
insert into users_roles (role_id, user_id) values (1, 7);
insert into users_roles (role_id, user_id) values (1, 8);
insert into users_roles (role_id, user_id) values (1, 9);
insert into users_roles (role_id, user_id) values (1, 10);
insert into users_roles (role_id, user_id) values (1, 11);
insert into users_roles (role_id, user_id) values (1, 12);
insert into users_roles (role_id, user_id) values (1, 13);
insert into users_roles (role_id, user_id) values (1, 14);
insert into users_roles (role_id, user_id) values (1, 15);
insert into users_roles (role_id, user_id) values (1, 16);
insert into users_roles (role_id, user_id) values (1, 17);
insert into users_roles (role_id, user_id) values (1, 18);
insert into users_roles (role_id, user_id) values (1, 19);
insert into users_roles (role_id, user_id) values (1, 20);
insert into users_roles (role_id, user_id) values (1, 21);
insert into users_roles (role_id, user_id) values (1, 22);
insert into users_roles (role_id, user_id) values (1, 23);
insert into users_roles (role_id, user_id) values (1, 24);
insert into users_roles (role_id, user_id) values (1, 25);
insert into users_roles (role_id, user_id) values (1, 26);
insert into users_roles (role_id, user_id) values (1, 27);
insert into users_roles (role_id, user_id) values (1, 28);
insert into users_roles (role_id, user_id) values (1, 29);
insert into users_roles (role_id, user_id) values (1, 30);
insert into users_roles (role_id, user_id) values (1, 31);
insert into users_roles (role_id, user_id) values (1, 32);
insert into users_roles (role_id, user_id) values (1, 33);
insert into users_roles (role_id, user_id) values (1, 34);
insert into users_roles (role_id, user_id) values (1, 35);
insert into users_roles (role_id, user_id) values (1, 36);
insert into users_roles (role_id, user_id) values (1, 37);
insert into users_roles (role_id, user_id) values (1, 38);
insert into users_roles (role_id, user_id) values (1, 39);
insert into users_roles (role_id, user_id) values (1, 40);
insert into users_roles (role_id, user_id) values (1, 41);
insert into users_roles (role_id, user_id) values (1, 42);
insert into users_roles (role_id, user_id) values (1, 43);
insert into users_roles (role_id, user_id) values (1, 44);
insert into users_roles (role_id, user_id) values (1, 45);
insert into users_roles (role_id, user_id) values (1, 46);
insert into users_roles (role_id, user_id) values (1, 47);
insert into users_roles (role_id, user_id) values (1, 48);
insert into users_roles (role_id, user_id) values (1, 49);
insert into users_roles (role_id, user_id) values (1, 50);
insert into users_roles (role_id, user_id) values (2, 51);
insert into users_roles (role_id, user_id) values (2, 52);
insert into users_roles (role_id, user_id) values (2, 53);
insert into users_roles (role_id, user_id) values (2, 54);
insert into users_roles (role_id, user_id) values (2, 55);
insert into users_roles (role_id, user_id) values (2, 56);
insert into users_roles (role_id, user_id) values (2, 57);
insert into users_roles (role_id, user_id) values (2, 58);
insert into users_roles (role_id, user_id) values (2, 59);
insert into users_roles (role_id, user_id) values (2, 60);
insert into users_roles (role_id, user_id) values (2, 61);
insert into users_roles (role_id, user_id) values (2, 62);
insert into users_roles (role_id, user_id) values (2, 63);
insert into users_roles (role_id, user_id) values (2, 64);
insert into users_roles (role_id, user_id) values (2, 65);
insert into users_roles (role_id, user_id) values (2, 66);
insert into users_roles (role_id, user_id) values (2, 67);
insert into users_roles (role_id, user_id) values (2, 68);
insert into users_roles (role_id, user_id) values (2, 69);
insert into users_roles (role_id, user_id) values (2, 70);
insert into users_roles (role_id, user_id) values (2, 71);
insert into users_roles (role_id, user_id) values (2, 72);
insert into users_roles (role_id, user_id) values (2, 73);
insert into users_roles (role_id, user_id) values (2, 74);
insert into users_roles (role_id, user_id) values (2, 75);
insert into users_roles (role_id, user_id) values (2, 76);
insert into users_roles (role_id, user_id) values (2, 77);
insert into users_roles (role_id, user_id) values (2, 78);
insert into users_roles (role_id, user_id) values (2, 79);
insert into users_roles (role_id, user_id) values (2, 80);
insert into users_roles (role_id, user_id) values (2, 81);
insert into users_roles (role_id, user_id) values (2, 82);
insert into users_roles (role_id, user_id) values (2, 83);
insert into users_roles (role_id, user_id) values (2, 84);
insert into users_roles (role_id, user_id) values (2, 85);
insert into users_roles (role_id, user_id) values (2, 86);
insert into users_roles (role_id, user_id) values (2, 87);
insert into users_roles (role_id, user_id) values (2, 88);
insert into users_roles (role_id, user_id) values (2, 89);
insert into users_roles (role_id, user_id) values (2, 90);
insert into users_roles (role_id, user_id) values (2, 91);
insert into users_roles (role_id, user_id) values (2, 92);
insert into users_roles (role_id, user_id) values (2, 93);
insert into users_roles (role_id, user_id) values (2, 94);
insert into users_roles (role_id, user_id) values (2, 95);
insert into users_roles (role_id, user_id) values (2, 96);
insert into users_roles (role_id, user_id) values (2, 97);
insert into users_roles (role_id, user_id) values (2, 98);
insert into users_roles (role_id, user_id) values (2, 99);
insert into users_roles (role_id, user_id) values (2, 100);