insert into categories (id, name, description) values (1, 'Teal', 'Vestibulum quam sapien, varius ut, blandit non, interdum in, ante. Vestibulum ante ipsum primis in faucibus orci luctus et ultrices posuere cubilia Curae; Duis faucibus accumsan odio.');
insert into categories (id, name, description) values (2, 'Fuscia', 'Quisque arcu libero, rutrum ac, lobortis vel, dapibus at, diam. Nam tristique tortor eu pede.');
insert into categories (id, name, description) values (3, 'Indigo', 'Nunc nisl. Duis bibendum, felis sed interdum venenatis, turpis enim blandit mi, in porttitor pede justo eu massa.');
insert into categories (id, name, description) values (4, 'Turquoise', 'In est risus, auctor sed, tristique in, tempus sit amet, sem. Fusce consequat.');
insert into categories (id, name, description) values (5, 'Crimson', 'Proin at turpis a pede posuere nonummy. Integer non velit.');

insert into posts (id, title, description, content, category_id) values (1, 'Monster Walks, The', 'Nullam molestie nibh in lectus.', 'Donec semper sapien a libero.', 5);
insert into posts (id, title, description, content, category_id) values (2, 'Leave It to Beaver', 'In blandit ultrices enim.', 'Pellentesque ultrices mattis odio.', 5);
insert into posts (id, title, description, content, category_id) values (3, 'Wah-Wah', 'Proin leo odio, porttitor id, consequat in, consequat ut, nulla.', 'Suspendisse ornare consequat lectus.', 1);
insert into posts (id, title, description, content, category_id) values (4, 'Protocol', 'Curabitur at ipsum ac tellus semper interdum.', 'Lorem ipsum dolor sit amet, consectetuer adipiscing elit.', 5);
insert into posts (id, title, description, content, category_id) values (5, 'Irreconcilable Differences', 'Etiam vel augue.', 'Vestibulum ante ipsum primis in faucibus orci luctus et ultrices posuere cubilia Curae; Donec pharetra, magna vestibulum aliquet ultrices, erat tortor sollicitudin mi, sit amet lobortis sapien sapien non mi.', 1);
insert into posts (id, title, description, content, category_id) values (6, 'Sokkotanssi', 'Morbi quis tortor id nulla ultrices aliquet.', 'Morbi sem mauris, laoreet ut, rhoncus aliquet, pulvinar sed, nisl.', 3);
insert into posts (id, title, description, content, category_id) values (7, 'California Conquest', 'Duis bibendum.', 'In blandit ultrices enim.', 5);
insert into posts (id, title, description, content, category_id) values (8, 'Frankenstein Unbound', 'Vestibulum ante ipsum primis in faucibus orci luctus et ultrices posuere cubilia Curae; Donec pharetra, magna vestibulum aliquet ultrices, erat tortor sollicitudin mi, sit amet lobortis sapien sapien non mi.', 'Donec vitae nisi.', 5);
insert into posts (id, title, description, content, category_id) values (9, 'Jesus of Montreal (Jésus de Montréal)', 'Praesent blandit lacinia erat.', 'Duis aliquam convallis nunc.', 3);
insert into posts (id, title, description, content, category_id) values (10, 'Young Törless, The (Junge Törless, Der)', 'Integer a nibh.', 'Proin interdum mauris non ligula pellentesque ultrices.', 3);
insert into posts (id, title, description, content, category_id) values (11, 'Toy Story 2', 'Morbi vestibulum, velit id pretium iaculis, diam erat fermentum justo, nec condimentum neque sapien placerat ante.', 'Proin interdum mauris non ligula pellentesque ultrices.', 3);
insert into posts (id, title, description, content, category_id) values (12, 'Isle, The (Seom)', 'Duis aliquam convallis nunc.', 'Vestibulum ante ipsum primis in faucibus orci luctus et ultrices posuere cubilia Curae; Duis faucibus accumsan odio.', 4);
insert into posts (id, title, description, content, category_id) values (13, 'October Baby', 'Suspendisse potenti.', 'Etiam faucibus cursus urna.', 3);
insert into posts (id, title, description, content, category_id) values (14, 'Performance', 'Cum sociis natoque penatibus et magnis dis parturient montes, nascetur ridiculus mus.', 'Donec ut dolor.', 3);
insert into posts (id, title, description, content, category_id) values (15, 'Lionheart', 'Vestibulum ac est lacinia nisi venenatis tristique.', 'Pellentesque at nulla.', 2);
insert into posts (id, title, description, content, category_id) values (16, 'Burglar', 'Nulla neque libero, convallis eget, eleifend luctus, ultricies eu, nibh.', 'Phasellus sit amet erat.', 3);
insert into posts (id, title, description, content, category_id) values (17, 'Dick', 'Donec ut dolor.', 'In eleifend quam a odio.', 2);
insert into posts (id, title, description, content, category_id) values (18, 'Castaway Cowboy, The', 'Cras mi pede, malesuada in, imperdiet et, commodo vulputate, justo.', 'Maecenas leo odio, condimentum id, luctus nec, molestie sed, justo.', 3);
insert into posts (id, title, description, content, category_id) values (19, 'After Sex', 'Cras pellentesque volutpat dui.', 'Etiam pretium iaculis justo.', 3);
insert into posts (id, title, description, content, category_id) values (20, 'River of No Return', 'Praesent blandit.', 'Nullam sit amet turpis elementum ligula vehicula consequat.', 2);
insert into posts (id, title, description, content, category_id) values (21, 'Kill Buljo: The Movie', 'Praesent blandit lacinia erat.', 'Nunc nisl.', 2);
insert into posts (id, title, description, content, category_id) values (22, 'License to Drive', 'Suspendisse potenti.', 'Nam ultrices, libero non mattis pulvinar, nulla pede ullamcorper augue, a suscipit nulla elit ac nulla.', 1);
insert into posts (id, title, description, content, category_id) values (23, 'Dr. Jekyll and Ms. Hyde', 'Pellentesque ultrices mattis odio.', 'Nullam sit amet turpis elementum ligula vehicula consequat.', 2);
insert into posts (id, title, description, content, category_id) values (24, 'Bite the Bullet', 'Nullam molestie nibh in lectus.', 'Vestibulum ante ipsum primis in faucibus orci luctus et ultrices posuere cubilia Curae; Duis faucibus accumsan odio.', 4);
insert into posts (id, title, description, content, category_id) values (25, 'Bridge on the River Kwai, The', 'Vivamus in felis eu sapien cursus vestibulum.', 'Integer ac leo.', 4);
insert into posts (id, title, description, content, category_id) values (26, 'Grand Maneuver, The (Les grandes manoeuvres)', 'Nunc rhoncus dui vel sem.', 'In est risus, auctor sed, tristique in, tempus sit amet, sem.', 1);
insert into posts (id, title, description, content, category_id) values (27, 'Babes in Toyland', 'Cras in purus eu magna vulputate luctus.', 'Morbi a ipsum.', 4);
insert into posts (id, title, description, content, category_id) values (28, 'Year of the Comet', 'Pellentesque at nulla.', 'Nulla justo.', 1);
insert into posts (id, title, description, content, category_id) values (29, 'Last of the Unjust, The (Dernier des injustes, Le)', 'Vivamus vestibulum sagittis sapien.', 'Nulla suscipit ligula in lacus.', 4);
insert into posts (id, title, description, content, category_id) values (30, 'Edge of Fear (Ella y el miedo)', 'Integer tincidunt ante vel ipsum.', 'Donec ut dolor.', 2);
insert into posts (id, title, description, content, category_id) values (31, 'Yellow Handkerchief, The', 'Maecenas rhoncus aliquam lacus.', 'Donec odio justo, sollicitudin ut, suscipit a, feugiat et, eros.', 1);
insert into posts (id, title, description, content, category_id) values (32, 'Night Terrors', 'Nam ultrices, libero non mattis pulvinar, nulla pede ullamcorper augue, a suscipit nulla elit ac nulla.', 'Fusce lacus purus, aliquet at, feugiat non, pretium quis, lectus.', 3);
insert into posts (id, title, description, content, category_id) values (33, 'Profession of Arms, The (Il mestiere delle armi)', 'Maecenas tincidunt lacus at velit.', 'Cum sociis natoque penatibus et magnis dis parturient montes, nascetur ridiculus mus.', 4);
insert into posts (id, title, description, content, category_id) values (34, 'Two Loves', 'Etiam vel augue.', 'Vestibulum ante ipsum primis in faucibus orci luctus et ultrices posuere cubilia Curae; Donec pharetra, magna vestibulum aliquet ultrices, erat tortor sollicitudin mi, sit amet lobortis sapien sapien non mi.', 5);
insert into posts (id, title, description, content, category_id) values (35, 'Alpha and Omega', 'Duis ac nibh.', 'Etiam justo.', 3);
insert into posts (id, title, description, content, category_id) values (36, 'Hotel Rwanda', 'Duis bibendum.', 'Phasellus id sapien in sapien iaculis congue.', 4);
insert into posts (id, title, description, content, category_id) values (37, 'Boot Camp', 'Nunc rhoncus dui vel sem.', 'Nulla tellus.', 1);
insert into posts (id, title, description, content, category_id) values (38, 'Ladrones', 'Vivamus in felis eu sapien cursus vestibulum.', 'Aliquam augue quam, sollicitudin vitae, consectetuer eget, rutrum at, lorem.', 3);
insert into posts (id, title, description, content, category_id) values (39, 'Dots', 'In hac habitasse platea dictumst.', 'In eleifend quam a odio.', 4);
insert into posts (id, title, description, content, category_id) values (40, 'Jules and Jim (Jules et Jim)', 'Nam tristique tortor eu pede.', 'In quis justo.', 5);
insert into posts (id, title, description, content, category_id) values (41, 'Toomorrow', 'Morbi vel lectus in quam fringilla rhoncus.', 'Nullam varius.', 1);
insert into posts (id, title, description, content, category_id) values (42, 'I Don''t Want to Be a Man (Ich möchte kein Mann sein)', 'Nunc rhoncus dui vel sem.', 'Duis aliquam convallis nunc.', 2);
insert into posts (id, title, description, content, category_id) values (43, 'Pericles on 31st Street', 'Nullam molestie nibh in lectus.', 'Donec odio justo, sollicitudin ut, suscipit a, feugiat et, eros.', 3);
insert into posts (id, title, description, content, category_id) values (44, 'Changing Habits', 'Fusce congue, diam id ornare imperdiet, sapien urna pretium nisl, ut volutpat sapien arcu sed augue.', 'Sed accumsan felis.', 1);
insert into posts (id, title, description, content, category_id) values (45, 'Côte d''Azur (Crustacés et coquillages)', 'Vivamus tortor.', 'Nulla tempus.', 5);
insert into posts (id, title, description, content, category_id) values (46, 'Erasing David', 'Etiam vel augue.', 'Donec quis orci eget orci vehicula condimentum.', 2);
insert into posts (id, title, description, content, category_id) values (47, 'Sisters (Syostry)', 'Quisque arcu libero, rutrum ac, lobortis vel, dapibus at, diam.', 'In quis justo.', 2);
insert into posts (id, title, description, content, category_id) values (48, 'Cremator, The (Spalovac mrtvol)', 'Mauris enim leo, rhoncus sed, vestibulum sit amet, cursus id, turpis.', 'Nullam porttitor lacus at turpis.', 2);
insert into posts (id, title, description, content, category_id) values (49, 'Waltz with Bashir (Vals im Bashir)', 'Vivamus in felis eu sapien cursus vestibulum.', 'Mauris ullamcorper purus sit amet nulla.', 5);
insert into posts (id, title, description, content, category_id) values (50, 'Judas Kiss', 'Aenean auctor gravida sem.', 'Phasellus id sapien in sapien iaculis congue.', 5);

insert into comments (id, body, email, name, post_id) values (1, 'Ut tellus.', 'ltondeur0@virginia.edu', 'Lén', 48);
insert into comments (id, body, email, name, post_id) values (2, 'Proin at turpis a pede posuere nonummy.', 'ghiom1@buzzfeed.com', 'Anaël', 26);
insert into comments (id, body, email, name, post_id) values (3, 'Morbi vel lectus in quam fringilla rhoncus.', 'nkynvin2@yelp.com', 'Dà', 31);
insert into comments (id, body, email, name, post_id) values (4, 'Donec ut mauris eget massa tempor convallis.', 'kjoannic3@dell.com', 'Bérangère', 22);
insert into comments (id, body, email, name, post_id) values (5, 'Vestibulum ante ipsum primis in faucibus orci luctus et ultrices posuere cubilia Curae; Donec pharetra, magna vestibulum aliquet ultrices, erat tortor sollicitudin mi, sit amet lobortis sapien sapien non mi.', 'gboobyer4@amazon.co.jp', 'Kuí', 42);
insert into comments (id, body, email, name, post_id) values (6, 'Nulla suscipit ligula in lacus.', 'gianittello5@aol.com', 'Görel', 15);
insert into comments (id, body, email, name, post_id) values (7, 'Phasellus sit amet erat.', 'sbagster6@zdnet.com', 'Judicaël', 9);
insert into comments (id, body, email, name, post_id) values (8, 'Nulla mollis molestie lorem.', 'mdrummond7@desdev.cn', 'Danièle', 17);
insert into comments (id, body, email, name, post_id) values (9, 'Nulla tempus.', 'pnunnery8@jigsy.com', 'Maïté', 13);
insert into comments (id, body, email, name, post_id) values (10, 'Nulla neque libero, convallis eget, eleifend luctus, ultricies eu, nibh.', 'oawdry9@posterous.com', 'Tán', 15);
insert into comments (id, body, email, name, post_id) values (11, 'Vivamus metus arcu, adipiscing molestie, hendrerit at, vulputate vitae, nisl.', 'mharnesa@auda.org.au', 'Måns', 50);
insert into comments (id, body, email, name, post_id) values (12, 'Nulla tempus.', 'smacpaikeb@cnbc.com', 'Amélie', 8);
insert into comments (id, body, email, name, post_id) values (13, 'Integer ac neque.', 'mbarnbrookc@geocities.jp', 'Lucrèce', 15);
insert into comments (id, body, email, name, post_id) values (14, 'Morbi quis tortor id nulla ultrices aliquet.', 'khuchotd@amazon.co.uk', 'Chloé', 5);
insert into comments (id, body, email, name, post_id) values (15, 'Cras pellentesque volutpat dui.', 'lfincie@auda.org.au', 'Léonie', 29);
insert into comments (id, body, email, name, post_id) values (16, 'Donec ut mauris eget massa tempor convallis.', 'blunbechf@discovery.com', 'Séréna', 25);
insert into comments (id, body, email, name, post_id) values (17, 'Aliquam sit amet diam in magna bibendum imperdiet.', 'ifairbrassg@mail.ru', 'Véronique', 45);
insert into comments (id, body, email, name, post_id) values (18, 'Aliquam sit amet diam in magna bibendum imperdiet.', 'oprebleh@bigcartel.com', 'André', 50);
insert into comments (id, body, email, name, post_id) values (19, 'Quisque erat eros, viverra eget, congue eget, semper rutrum, nulla.', 'rwolseleyi@cdc.gov', 'Naéva', 30);
insert into comments (id, body, email, name, post_id) values (20, 'Phasellus in felis.', 'pdeckerj@amazon.com', 'Sòng', 6);
insert into comments (id, body, email, name, post_id) values (21, 'Donec ut dolor.', 'cdaccak@bing.com', 'Angèle', 5);
insert into comments (id, body, email, name, post_id) values (22, 'In est risus, auctor sed, tristique in, tempus sit amet, sem.', 'candreil@mapy.cz', 'Mélys', 5);
insert into comments (id, body, email, name, post_id) values (23, 'Vivamus metus arcu, adipiscing molestie, hendrerit at, vulputate vitae, nisl.', 'cdroghanm@ucsd.edu', 'Rébecca', 49);
insert into comments (id, body, email, name, post_id) values (24, 'Praesent id massa id nisl venenatis lacinia.', 'tforcaden@google.nl', 'Léonie', 2);
insert into comments (id, body, email, name, post_id) values (25, 'Maecenas pulvinar lobortis est.', 'rledeso@wp.com', 'Bérengère', 45);
insert into comments (id, body, email, name, post_id) values (26, 'In blandit ultrices enim.', 'fashmolep@buzzfeed.com', 'Hélène', 30);
insert into comments (id, body, email, name, post_id) values (27, 'Integer aliquet, massa id lobortis convallis, tortor risus dapibus augue, vel accumsan tellus nisi eu orci.', 'aschachterq@examiner.com', 'Clélia', 40);
insert into comments (id, body, email, name, post_id) values (28, 'In hac habitasse platea dictumst.', 'mmacranaldr@google.es', 'Andréa', 22);
insert into comments (id, body, email, name, post_id) values (29, 'Suspendisse potenti.', 'ggarnhams@dot.gov', 'Intéressant', 23);
insert into comments (id, body, email, name, post_id) values (30, 'Mauris enim leo, rhoncus sed, vestibulum sit amet, cursus id, turpis.', 'kwhitchert@mysql.com', 'Audréanne', 45);
insert into comments (id, body, email, name, post_id) values (31, 'Nunc nisl.', 'lgwillimu@wikimedia.org', 'Camélia', 32);
insert into comments (id, body, email, name, post_id) values (32, 'Sed vel enim sit amet nunc viverra dapibus.', 'nsegrottv@loc.gov', 'Kallisté', 39);
insert into comments (id, body, email, name, post_id) values (33, 'Cras pellentesque volutpat dui.', 'proyansw@biglobe.ne.jp', 'Aloïs', 15);
insert into comments (id, body, email, name, post_id) values (34, 'Donec quis orci eget orci vehicula condimentum.', 'kclarkewilliamsx@boston.com', 'Thérèse', 25);
insert into comments (id, body, email, name, post_id) values (35, 'Cum sociis natoque penatibus et magnis dis parturient montes, nascetur ridiculus mus.', 'hfealyy@sphinn.com', 'Östen', 13);
insert into comments (id, body, email, name, post_id) values (36, 'Duis at velit eu est congue elementum.', 'htolworthz@google.com.hk', 'Marie-thérèse', 38);
insert into comments (id, body, email, name, post_id) values (37, 'Praesent blandit.', 'vpomroy10@ftc.gov', 'Åke', 9);
insert into comments (id, body, email, name, post_id) values (38, 'Aenean sit amet justo.', 'pquinlan11@hugedomains.com', 'Almérinda', 32);
insert into comments (id, body, email, name, post_id) values (39, 'Donec ut dolor.', 'lhume12@walmart.com', 'Zoé', 17);
insert into comments (id, body, email, name, post_id) values (40, 'In sagittis dui vel nisl.', 'goswal13@jigsy.com', 'Séréna', 12);
insert into comments (id, body, email, name, post_id) values (41, 'Nam nulla.', 'dnieass14@skyrock.com', 'Bénédicte', 50);
insert into comments (id, body, email, name, post_id) values (42, 'Aliquam augue quam, sollicitudin vitae, consectetuer eget, rutrum at, lorem.', 'eraund15@paginegialle.it', 'Agnès', 49);
insert into comments (id, body, email, name, post_id) values (43, 'Duis bibendum, felis sed interdum venenatis, turpis enim blandit mi, in porttitor pede justo eu massa.', 'bshimuk16@usda.gov', 'Gérald', 37);
insert into comments (id, body, email, name, post_id) values (44, 'Morbi odio odio, elementum eu, interdum eu, tincidunt in, leo.', 'cwilles17@google.com.br', 'Loïca', 19);
insert into comments (id, body, email, name, post_id) values (45, 'Maecenas ut massa quis augue luctus tincidunt.', 'ejoannic18@ibm.com', 'Adélaïde', 17);
insert into comments (id, body, email, name, post_id) values (46, 'Mauris enim leo, rhoncus sed, vestibulum sit amet, cursus id, turpis.', 'ptewkesberrie19@imageshack.us', 'Faîtes', 36);
insert into comments (id, body, email, name, post_id) values (47, 'Etiam justo.', 'gcomfort1a@berkeley.edu', 'Maïly', 35);
insert into comments (id, body, email, name, post_id) values (48, 'Duis bibendum, felis sed interdum venenatis, turpis enim blandit mi, in porttitor pede justo eu massa.', 'hbase1b@flickr.com', 'Marie-ève', 26);
insert into comments (id, body, email, name, post_id) values (49, 'Lorem ipsum dolor sit amet, consectetuer adipiscing elit.', 'tvanrembrandt1c@answers.com', 'Personnalisée', 27);
insert into comments (id, body, email, name, post_id) values (50, 'Vivamus vel nulla eget eros elementum pellentesque.', 'bgiriardelli1d@blogger.com', 'Maëline', 16);
insert into comments (id, body, email, name, post_id) values (51, 'Aenean lectus.', 'gheaslip1e@sogou.com', 'Estée', 7);
insert into comments (id, body, email, name, post_id) values (52, 'Vestibulum ante ipsum primis in faucibus orci luctus et ultrices posuere cubilia Curae; Mauris viverra diam vitae quam.', 'bgleed1f@who.int', 'Gaïa', 21);
insert into comments (id, body, email, name, post_id) values (53, 'Quisque porta volutpat erat.', 'myakunin1g@google.de', 'Sòng', 44);
insert into comments (id, body, email, name, post_id) values (54, 'Nam dui.', 'gbeevers1h@amazon.co.uk', 'Naëlle', 14);
insert into comments (id, body, email, name, post_id) values (55, 'Nulla facilisi.', 'phousegoe1i@bloglovin.com', 'Maïté', 20);
insert into comments (id, body, email, name, post_id) values (56, 'Maecenas rhoncus aliquam lacus.', 'brogeon1j@fastcompany.com', 'Agnès', 41);
insert into comments (id, body, email, name, post_id) values (57, 'Vestibulum ante ipsum primis in faucibus orci luctus et ultrices posuere cubilia Curae; Donec pharetra, magna vestibulum aliquet ultrices, erat tortor sollicitudin mi, sit amet lobortis sapien sapien non mi.', 'lhenriksson1k@mit.edu', 'Bérengère', 5);
insert into comments (id, body, email, name, post_id) values (58, 'Cras non velit nec nisi vulputate nonummy.', 'jreditt1l@mozilla.org', 'Lén', 27);
insert into comments (id, body, email, name, post_id) values (59, 'Suspendisse potenti.', 'hfreak1m@indiatimes.com', 'Andrée', 48);
insert into comments (id, body, email, name, post_id) values (60, 'Curabitur convallis.', 'tpyffe1n@dagondesign.com', 'Méthode', 12);
insert into comments (id, body, email, name, post_id) values (61, 'Praesent id massa id nisl venenatis lacinia.', 'tselliman1o@pagesperso-orange.fr', 'Eloïse', 1);
insert into comments (id, body, email, name, post_id) values (62, 'Duis consequat dui nec nisi volutpat eleifend.', 'scicchinelli1p@bloomberg.com', 'Réjane', 43);
insert into comments (id, body, email, name, post_id) values (63, 'Aenean sit amet justo.', 'bnewson1q@utexas.edu', 'Mélissandre', 39);
insert into comments (id, body, email, name, post_id) values (64, 'Praesent lectus.', 'eiacovone1r@soup.io', 'Göran', 42);
insert into comments (id, body, email, name, post_id) values (65, 'Aenean lectus.', 'rmeldrum1s@edublogs.org', 'Åsa', 30);
insert into comments (id, body, email, name, post_id) values (66, 'Praesent blandit lacinia erat.', 'ashimwell1t@slate.com', 'Ruì', 42);
insert into comments (id, body, email, name, post_id) values (67, 'Phasellus sit amet erat.', 'slynds1u@forbes.com', 'Cécilia', 4);
insert into comments (id, body, email, name, post_id) values (68, 'Nulla ut erat id mauris vulputate elementum.', 'vburl1v@diigo.com', 'Léana', 44);
insert into comments (id, body, email, name, post_id) values (69, 'Sed vel enim sit amet nunc viverra dapibus.', 'kboundy1w@jugem.jp', 'Almérinda', 50);
insert into comments (id, body, email, name, post_id) values (70, 'In hac habitasse platea dictumst.', 'jedgehill1x@blinklist.com', 'Cinéma', 11);
insert into comments (id, body, email, name, post_id) values (71, 'Vestibulum ante ipsum primis in faucibus orci luctus et ultrices posuere cubilia Curae; Duis faucibus accumsan odio.', 'btemperton1y@si.edu', 'Aimée', 24);
insert into comments (id, body, email, name, post_id) values (72, 'Integer pede justo, lacinia eget, tincidunt eget, tempus vel, pede.', 'kabelson1z@sina.com.cn', 'Rébecca', 39);
insert into comments (id, body, email, name, post_id) values (73, 'Integer a nibh.', 'lwolton20@feedburner.com', 'Yú', 23);
insert into comments (id, body, email, name, post_id) values (74, 'Morbi ut odio.', 'rdarker21@barnesandnoble.com', 'Esbjörn', 25);
insert into comments (id, body, email, name, post_id) values (75, 'Pellentesque viverra pede ac diam.', 'oconeron22@comsenz.com', 'Ruò', 20);
insert into comments (id, body, email, name, post_id) values (76, 'Donec ut mauris eget massa tempor convallis.', 'gmcneillie23@hhs.gov', 'Gwenaëlle', 49);
insert into comments (id, body, email, name, post_id) values (77, 'Aliquam non mauris.', 'jtison24@dedecms.com', 'Cloé', 30);
insert into comments (id, body, email, name, post_id) values (78, 'Phasellus in felis.', 'ctarr25@google.co.jp', 'Angèle', 42);
insert into comments (id, body, email, name, post_id) values (79, 'In hac habitasse platea dictumst.', 'tgosneye26@cnbc.com', 'Aurélie', 39);
insert into comments (id, body, email, name, post_id) values (80, 'Donec vitae nisi.', 'gseward27@shop-pro.jp', 'Maëlys', 5);
insert into comments (id, body, email, name, post_id) values (81, 'Cras pellentesque volutpat dui.', 'tlantoph28@dailymail.co.uk', 'Estée', 38);
insert into comments (id, body, email, name, post_id) values (82, 'Quisque erat eros, viverra eget, congue eget, semper rutrum, nulla.', 'srhelton29@bbc.co.uk', 'Torbjörn', 43);
insert into comments (id, body, email, name, post_id) values (83, 'In hac habitasse platea dictumst.', 'emcclements2a@netscape.com', 'Uò', 33);
insert into comments (id, body, email, name, post_id) values (84, 'Nulla tellus.', 'vbeedell2b@bizjournals.com', 'Méghane', 37);
insert into comments (id, body, email, name, post_id) values (85, 'Praesent id massa id nisl venenatis lacinia.', 'darmstrong2c@mac.com', 'Néhémie', 23);
insert into comments (id, body, email, name, post_id) values (86, 'Ut at dolor quis odio consequat varius.', 'swaterfield2d@4shared.com', 'Andréa', 44);
insert into comments (id, body, email, name, post_id) values (87, 'Integer aliquet, massa id lobortis convallis, tortor risus dapibus augue, vel accumsan tellus nisi eu orci.', 'mlefever2e@rambler.ru', 'Thérèsa', 49);
insert into comments (id, body, email, name, post_id) values (88, 'Morbi non quam nec dui luctus rutrum.', 'ifulep2f@shinystat.com', 'Crééz', 11);
insert into comments (id, body, email, name, post_id) values (89, 'Suspendisse ornare consequat lectus.', 'fsutton2g@berkeley.edu', 'Françoise', 19);
insert into comments (id, body, email, name, post_id) values (90, 'Aliquam non mauris.', 'tbeeswing2h@xinhuanet.com', 'Cléa', 45);
insert into comments (id, body, email, name, post_id) values (91, 'Proin risus.', 'kfielders2i@usnews.com', 'Bénédicte', 4);
insert into comments (id, body, email, name, post_id) values (92, 'Integer pede justo, lacinia eget, tincidunt eget, tempus vel, pede.', 'cfantini2j@soundcloud.com', 'Gösta', 28);
insert into comments (id, body, email, name, post_id) values (93, 'Vestibulum rutrum rutrum neque.', 'alaing2k@creativecommons.org', 'Françoise', 5);
insert into comments (id, body, email, name, post_id) values (94, 'Aliquam augue quam, sollicitudin vitae, consectetuer eget, rutrum at, lorem.', 'sdevall2l@barnesandnoble.com', 'Aimée', 25);
insert into comments (id, body, email, name, post_id) values (95, 'Curabitur at ipsum ac tellus semper interdum.', 'ggladding2m@vkontakte.ru', 'Lyséa', 44);
insert into comments (id, body, email, name, post_id) values (96, 'Duis consequat dui nec nisi volutpat eleifend.', 'erosenblad2n@cornell.edu', 'Séréna', 24);
insert into comments (id, body, email, name, post_id) values (97, 'Nulla suscipit ligula in lacus.', 'vhughill2o@google.fr', 'Pål', 14);
insert into comments (id, body, email, name, post_id) values (98, 'Vestibulum quam sapien, varius ut, blandit non, interdum in, ante.', 'jtidd2p@sun.com', 'Jú', 20);
insert into comments (id, body, email, name, post_id) values (99, 'Nunc purus.', 'ecorton2q@narod.ru', 'Célestine', 25);
insert into comments (id, body, email, name, post_id) values (100, 'Morbi sem mauris, laoreet ut, rhoncus aliquet, pulvinar sed, nisl.', 'sblodgetts2r@nasa.gov', 'Dà', 26);